site,frame,object,area_px,median_depth_mm,rgb_s0,rgb_s1,rgb_s2,rgb_hits,depth_s0,depth_s1,depth_s2,depth_hits,rgbd_s0,rgbd_s1,rgbd_s2,rgbd_hits
HDCL_HW_A,0,0,157,5810.0,1,1,1,3,0,0,0,0,1,1,1,3
HDCL_HW_A,0,1,364,4649.0,1,1,1,3,0,0,0,0,1,1,1,3
HDCL_HW_A,0,2,192,3552.0,1,1,1,3,0,0,0,0,1,1,1,3
HDCL_HW_A,0,3,126,1405.0,1,1,1,3,0,0,0,0,1,1,1,3
HDCL_HW_A,0,4,817,2388.0,1,1,1,3,1,1,1,3,1,1,1,3
HDCL_HW_A,0,5,168,2285.5,1,1,1,3,0,0,0,0,1,1,1,3
HDCL_HW_A,0,6,3058,1200.0,1,1,1,3,1,0,1,2,1,1,1,3
HDCL_HW_A,0,7,469,1048.0,1,1,1,3,1,1,1,3,1,1,1,3
HDCL_HW_A,0,8,401,1036.0,1,1,1,3,1,1,1,3,1,1,1,3
HDCL_HW_A,0,9,11364,739.0,1,1,1,3,1,1,1,3,1,1,1,3
HDCL_HW_A,0,10,361,805.0,1,1,1,3,1,1,1,3,1,1,1,3
HDCL_HW_A,1,0,330,12743.0,1,1,0,2,0,0,0,0,1,0,0,1
HDCL_HW_A,1,1,35,8327.0,0,0,0,0,0,0,0,0,0,0,0,0
HDCL_HW_A,1,2,59,6504.0,1,1,1,3,0,0,0,0,1,1,1,3
HDCL_HW_A,1,3,70,5697.5,0,0,0,0,0,0,0,0,0,0,0,0
HDCL_HW_A,1,4,26,11067.0,1,1,1,3,0,0,0,0,1,1,1,3
HDCL_HW_A,1,5,27,6303.0,1,1,1,3,0,0,0,0,1,1,1,3
HDCL_HW_A,1,6,242,4836.0,1,1,1,3,0,0,0,0,1,1,1,3
HDCL_HW_A,1,7,586,3594.0,1,1,1,3,1,1,1,3,1,1,1,3
HDCL_HW_A,1,8,109,4699.0,1,1,1,3,0,0,0,0,1,1,1,3
HDCL_HW_A,1,9,381,3723.0,1,1,1,3,0,0,0,0,1,1,1,3
HDCL_HW_A,1,10,245,2939.0,1,1,1,3,0,0,0,0,1,1,1,3
HDCL_HW_A,1,11,82,2532.0,1,1,1,3,0,0,0,0,1,1,1,3
HDCL_HW_A,1,12,166,2559.5,1,1,1,3,0,0,0,0,1,1,1,3
HDCL_HW_A,1,13,95,2445.0,1,1,1,3,0,0,0,0,1,1,1,3
HDCL_HW_A,1,14,1159,1818.0,1,1,1,3,1,1,1,3,1,1,1,3
HDCL_HW_A,1,15,141,2114.0,1,1,1,3,0,0,0,0,1,1,1,3
HDCL_HW_A,1,16,140,2112.0,1,1,1,3,0,0,0,0,1,1,1,3
HDCL_HW_A,1,17,208,1846.0,1,1,1,3,1,1,1,3,1,1,1,3
HDCL_HW_A,1,18,339,1414.0,1,1,1,3,0,0,0,0,1,1,1,3
HDCL_HW_A,1,19,2078,813.0,1,1,1,3,1,1,1,3,1,1,1,3
HDCL_HW_A,1,20,1483,562.0,1,1,1,3,1,1,1,3,1,1,1,3
HDCL_HW_A,1,21,1102,543.0,1,1,1,3,1,1,1,3,1,1,1,3
HDCL_HW_A,2,0,526,12927.5,1,0,0,1,0,0,0,0,1,1,0,2
HDCL_HW_A,2,1,299,8069.0,1,1,1,3,0,0,0,0,1,1,1,3
HDCL_HW_A,2,2,87,7346.0,1,1,1,3,0,0,0,0,1,1,1,3
HDCL_HW_A,2,3,35,8709.0,1,1,1,3,0,0,0,0,1,1,1,3
HDCL_HW_A,2,4,54,5158.5,1,1,1,3,0,0,0,0,1,1,1,3
HDCL_HW_A,2,5,29,6264.0,1,1,1,3,0,0,0,0,1,1,1,3
HDCL_HW_A,2,6,365,3937.0,1,1,1,3,0,1,1,2,1,1,1,3
HDCL_HW_A,2,7,106,3479.0,1,1,1,3,0,0,1,1,1,1,1,3
HDCL_HW_A,2,8,129,4642.0,1,1,1,3,0,0,0,0,1,1,1,3
HDCL_HW_A,2,9,666,2549.5,1,1,1,3,1,1,1,3,1,1,1,3
HDCL_HW_A,2,10,926,2421.5,1,1,1,3,1,1,1,3,1,1,1,3
HDCL_HW_A,2,11,402,1675.0,1,1,1,3,0,0,0,0,1,1,1,3
HDCL_HW_A,2,12,186,1613.0,1,1,1,3,0,0,0,0,1,1,1,3
HDCL_HW_A,2,13,151,1484.0,1,1,1,3,0,0,0,0,1,1,1,3
HDCL_HW_A,2,14,205,1218.0,1,1,1,3,1,1,1,3,1,1,1,3
HDCL_HW_A,2,15,200,1165.0,1,1,1,3,0,0,0,0,1,1,1,3
HDCL_HW_A,2,16,754,930.0,1,1,1,3,1,1,1,3,1,1,1,3
HDCL_HW_A,2,17,241,974.0,1,1,1,3,0,0,0,0,1,1,1,3
HDCL_HW_A,2,18,1760,577.0,1,1,1,3,1,1,1,3,1,1,1,3
HDCL_HW_A,3,0,375,8754.0,1,1,1,3,0,0,0,0,1,1,1,3
HDCL_HW_A,3,1,93,9287.0,1,1,1,3,0,0,0,0,1,1,1,3
HDCL_HW_A,3,2,39,8281.0,1,1,1,3,0,0,0,0,1,1,1,3
HDCL_HW_A,3,3,206,4410.5,1,1,1,3,0,0,1,1,1,1,1,3
HDCL_HW_A,3,4,108,4313.5,1,1,1,3,0,0,0,0,1,1,1,3
HDCL_HW_A,3,5,610,2680.0,1,1,1,3,1,1,1,3,1,1,1,3
HDCL_HW_A,3,6,206,2442.5,1,1,1,3,0,0,0,0,1,1,1,3
HDCL_HW_A,3,7,306,2374.5,1,1,1,3,0,0,0,0,1,1,1,3
HDCL_HW_A,3,8,1534,1497.0,1,1,1,3,1,1,1,3,1,1,1,3
HDCL_HW_A,3,9,3641,1242.0,1,1,1,3,1,1,1,3,1,1,1,3
HDCL_HW_A,3,10,5593,592.0,1,1,1,3,1,0,1,2,1,1,1,3
HDCL_HW_A,3,11,1190,580.0,1,1,1,3,1,1,1,3,1,1,1,3
HDCL_HW_A,4,0,516,9762.5,1,1,1,3,0,0,0,0,1,1,1,3
HDCL_HW_A,4,1,455,12025.0,1,1,1,3,0,0,0,0,1,1,1,3
HDCL_HW_A,4,2,104,8839.5,1,1,1,3,0,0,0,0,1,1,1,3
HDCL_HW_A,4,3,69,4734.0,1,1,1,3,0,0,0,0,1,1,1,3
HDCL_HW_A,4,4,157,2556.0,1,1,1,3,1,0,0,1,1,1,1,3
HDCL_HW_A,4,5,241,2806.0,1,1,1,3,0,0,0,0,1,1,1,3
HDCL_HW_A,4,6,66,2806.0,1,1,1,3,1,0,0,1,1,1,1,3
HDCL_HW_A,4,7,927,2502.0,1,1,1,3,0,0,0,0,1,1,1,3
HDCL_HW_A,4,8,1302,1621.0,1,1,1,3,1,1,1,3,1,1,1,3
HDCL_HW_A,4,9,813,1283.0,1,1,1,3,1,1,1,3,1,1,1,3
HDCL_HW_A,4,10,2499,1304.0,1,1,1,3,0,0,0,0,1,1,1,3
HDCL_HW_A,4,11,1561,1088.0,1,1,1,3,1,1,1,3,1,1,1,3
HDCL_HW_A,5,0,568,10775.5,1,1,1,3,0,0,0,0,1,1,1,3
HDCL_HW_A,5,1,174,6243.5,1,1,1,3,0,0,0,0,1,1,1,3
HDCL_HW_A,5,2,59,3694.0,1,1,1,3,0,0,0,0,1,1,1,3
HDCL_HW_A,5,3,288,2733.0,1,1,1,3,0,0,0,0,1,1,1,3
HDCL_HW_A,5,4,197,2577.0,1,1,1,3,0,0,0,0,1,1,1,3
HDCL_HW_A,5,5,997,2466.0,1,1,1,3,0,0,0,0,1,1,1,3
HDCL_HW_A,5,6,66,2763.5,1,1,1,3,1,0,0,1,1,1,1,3
HDCL_HW_A,5,7,1461,1565.0,1,1,1,3,1,1,1,3,1,1,1,3
HDCL_HW_A,5,8,1102,1228.0,1,1,1,3,1,1,1,3,1,1,1,3
HDCL_HW_A,5,9,2034,1287.0,1,1,1,3,0,0,0,0,1,1,1,3
HDCL_HW_A,5,10,1666,1055.0,1,1,1,3,1,1,1,3,1,1,1,3
HDCL_HW_A,6,0,604,8877.0,1,1,1,3,0,0,0,0,1,1,1,3
HDCL_HW_A,6,1,392,7313.0,1,1,1,3,0,0,0,0,1,1,1,3
HDCL_HW_A,6,2,151,3413.0,1,1,1,3,0,0,0,0,1,1,1,3
HDCL_HW_A,6,3,60,3011.5,1,1,1,3,0,0,0,0,1,1,1,3
HDCL_HW_A,6,4,1047,2478.0,1,1,1,3,0,0,0,0,1,1,1,3
HDCL_HW_A,6,5,246,2682.0,1,1,1,3,0,0,0,0,1,1,1,3
HDCL_HW_A,6,6,262,2302.0,1,1,1,3,0,0,0,0,1,1,1,3
HDCL_HW_A,6,7,78,2369.0,1,1,1,3,0,0,0,0,1,1,1,3
HDCL_HW_A,6,8,2026,1358.0,1,1,1,3,1,1,1,3,1,1,1,3
HDCL_HW_A,6,9,1222,1103.0,1,1,1,3,1,1,1,3,1,1,1,3
HDCL_HW_A,6,10,2136,976.0,1,1,1,3,1,1,1,3,1,1,1,3
HDCL_HW_A,7,0,234,7760.0,0,1,0,1,0,0,0,0,1,1,1,3
HDCL_HW_A,7,1,40,7950.5,0,0,0,0,0,0,0,0,0,0,0,0
HDCL_HW_A,7,2,2355,1728.0,1,1,1,3,0,0,0,0,1,1,1,3
HDCL_HW_A,7,3,761,1651.0,1,1,1,3,1,1,1,3,1,1,1,3
HDCL_HW_A,7,4,242,1464.0,1,1,1,3,1,1,1,3,1,1,1,3
HDCL_HW_A,7,5,177,1298.0,1,1,1,3,1,1,1,3,1,1,1,3
HDCL_HW_A,7,6,257,1206.0,1,1,1,3,1,1,1,3,1,1,1,3
HDCL_HW_A,7,7,298,1186.5,1,1,1,3,1,1,1,3,1,1,1,3
HDCL_HW_A,7,8,222,1047.0,1,1,1,3,1,1,1,3,1,1,1,3
HDCL_HW_A,8,0,357,8631.0,1,1,1,3,0,0,0,0,1,1,1,3
HDCL_HW_A,8,1,235,11356.0,1,1,1,3,0,0,0,0,1,1,1,3
HDCL_HW_A,8,2,20,9510.0,0,0,0,0,0,0,0,0,1,0,0,1
HDCL_HW_A,8,3,424,4985.5,1,1,1,3,0,1,1,2,1,1,1,3
HDCL_HW_A,8,4,388,7145.0,1,1,1,3,0,0,0,0,1,1,1,3
HDCL_HW_A,8,5,926,2518.0,1,1,1,3,1,1,1,3,1,1,1,3
HDCL_HW_A,8,6,414,2512.0,1,1,1,3,1,0,1,2,1,1,1,3
HDCL_HW_A,8,7,842,1358.5,1,1,1,3,1,1,1,3,1,1,1,3
HDCL_HW_A,8,8,1197,1306.0,1,1,1,3,1,1,1,3,1,1,1,3
HDCL_HW_A,8,9,958,702.0,1,1,1,3,1,1,1,3,1,1,1,3
HDCL_HW_A,9,0,391,8563.0,1,1,1,3,0,0,0,0,1,1,1,3
HDCL_HW_A,9,1,26,11488.0,1,1,1,3,0,0,0,0,1,1,1,3
HDCL_HW_A,9,2,719,6050.0,1,1,1,3,0,0,0,0,1,1,1,3
HDCL_HW_A,9,3,27,8051.0,1,1,1,3,0,0,0,0,1,1,1,3
HDCL_HW_A,9,4,22,8739.5,1,1,1,3,0,0,0,0,1,1,1,3
HDCL_HW_A,9,5,32,11616.5,1,1,1,3,0,0,0,0,1,1,1,3
HDCL_HW_A,9,6,35,7788.0,0,0,0,0,0,0,0,0,0,0,1,1
HDCL_HW_A,9,7,503,3566.0,1,1,1,3,0,0,0,0,1,1,1,3
HDCL_HW_A,9,8,392,3387.0,1,1,1,3,0,0,0,0,1,1,1,3
HDCL_HW_A,9,9,1208,2163.0,1,1,1,3,1,1,1,3,1,1,1,3
HDCL_HW_A,9,10,599,2126.0,1,1,1,3,0,0,0,0,1,1,1,3
HDCL_HW_A,9,11,2751,946.0,1,1,1,3,1,1,1,3,1,1,1,3
HDCL_HW_A,10,0,369,5145.0,1,1,1,3,0,0,1,1,1,1,1,3
HDCL_HW_A,10,1,50,8001.0,1,1,1,3,0,0,0,0,1,1,1,3
HDCL_HW_A,10,2,139,6712.0,1,1,1,3,0,0,0,0,1,1,1,3
HDCL_HW_A,10,3,214,7274.0,1,1,1,3,0,0,0,0,1,1,1,3
HDCL_HW_A,10,4,65,5886.0,1,1,1,3,0,0,0,0,1,1,1,3
HDCL_HW_A,10,5,306,4152.5,1,1,1,3,0,0,0,0,1,1,1,3
HDCL_HW_A,10,6,149,5020.0,1,1,1,3,0,0,0,0,1,1,1,3
HDCL_HW_A,10,7,583,2668.0,1,1,1,3,0,0,0,0,1,1,1,3
HDCL_HW_A,10,8,81,3888.0,1,1,1,3,0,0,0,0,1,1,1,3
HDCL_HW_A,10,9,45,5375.0,1,1,1,3,0,0,0,0,1,1,1,3
HDCL_HW_A,10,10,1775,1609.0,1,1,1,3,1,1,1,3,1,1,1,3
HDCL_HW_A,10,11,2783,1098.0,1,1,1,3,0,0,0,0,1,1,1,3
HDCL_HW_A,10,12,11447,556.0,1,1,1,3,1,1,1,3,1,1,1,3
HDCL_HW_A,11,0,173,5458.0,1,1,1,3,0,0,1,1,1,1,1,3
HDCL_HW_A,11,1,46,7086.5,1,1,1,3,0,0,0,0,1,1,1,3
HDCL_HW_A,11,2,31,7835.0,1,1,1,3,0,0,0,0,1,1,1,3
HDCL_HW_A,11,3,293,5058.0,1,1,1,3,0,0,1,1,1,1,1,3
HDCL_HW_A,11,4,67,5459.0,1,1,1,3,0,0,0,0,1,1,1,3
HDCL_HW_A,11,5,388,3829.0,1,1,1,3,0,0,0,0,1,1,1,3
HDCL_HW_A,11,6,267,3282.0,1,1,1,3,0,0,0,0,1,1,1,3
HDCL_HW_A,11,7,507,3740.0,1,1,1,3,0,0,0,0,1,1,1,3
HDCL_HW_A,11,8,133,1964.0,1,1,1,3,0,0,0,0,1,1,1,3
HDCL_HW_A,11,9,1242,1793.0,1,1,1,3,0,0,1,1,1,1,1,3
HDCL_HW_A,11,10,108,2067.0,1,1,1,3,0,0,0,0,1,1,1,3
HDCL_HW_A,11,11,384,1027.0,1,1,1,3,0,0,0,0,1,1,1,3
HDCL_HW_A,11,12,6146,825.0,1,1,1,3,1,1,1,3,1,1,1,3
HDCL_HW_A,12,0,10966,1958.0,0,0,0,0,0,0,0,0,0,0,0,0
HDCL_HW_A,12,1,443,1807.0,1,1,1,3,0,0,0,0,1,1,1,3
HDCL_HW_A,12,2,232,1521.0,1,1,1,3,0,0,0,0,1,1,1,3
HDCL_HW_A,12,3,2620,1149.0,1,1,1,3,1,1,1,3,1,1,1,3
HDCL_HW_A,12,4,379,1026.0,1,1,1,3,1,1,1,3,1,1,1,3
HDCL_HW_A,12,5,1297,989.0,1,1,1,3,1,1,1,3,1,1,1,3
HDCL_HW_A,12,6,1203,572.0,1,1,1,3,1,1,1,3,1,1,1,3
HDCL_HW_A,13,0,80,12775.5,1,1,1,3,0,0,0,0,1,1,1,3
HDCL_HW_A,13,1,48,11233.5,1,1,1,3,0,0,0,0,1,1,1,3
HDCL_HW_A,13,2,486,12343.0,1,1,1,3,0,0,0,0,1,1,1,3
HDCL_HW_A,13,3,465,5056.0,1,1,1,3,0,0,0,0,1,1,1,3
HDCL_HW_A,13,4,638,2514.0,1,1,1,3,1,1,1,3,1,1,1,3
HDCL_HW_A,13,5,58,2205.0,1,1,1,3,0,0,0,0,1,1,1,3
HDCL_HW_A,13,6,106,2335.0,1,1,1,3,0,0,0,0,1,1,1,3
HDCL_HW_A,13,7,373,1761.0,1,1,1,3,0,0,0,0,1,1,1,3
HDCL_HW_A,13,8,1376,1636.0,1,1,1,3,1,1,1,3,1,1,1,3
HDCL_HW_A,13,9,187,1116.0,1,1,1,3,0,0,0,0,1,1,1,3
HDCL_HW_A,13,10,2577,920.0,1,1,1,3,1,1,1,3,1,1,1,3
HDCL_HW_A,13,11,618,928.0,1,1,1,3,1,1,1,3,1,1,1,3
HDCL_HW_A,13,12,6008,745.0,1,1,1,3,1,1,1,3,1,1,1,3
HDCL_HW_A,13,13,360,794.0,1,1,1,3,1,1,1,3,1,1,1,3
HDCL_HW_A,13,14,347,779.0,1,1,1,3,1,1,1,3,1,1,1,3
HDCL_HW_A,13,15,968,690.0,1,1,1,3,1,0,1,2,1,1,1,3
HDCL_HW_A,14,0,97,14278.0,1,1,1,3,0,0,0,0,1,1,1,3
HDCL_HW_A,14,1,54,10298.5,1,1,1,3,0,0,0,0,1,1,1,3
HDCL_HW_A,14,2,516,7627.5,1,1,1,3,0,0,0,0,1,1,1,3
HDCL_HW_A,14,3,455,4239.0,1,1,1,3,0,0,0,0,1,1,1,3
HDCL_HW_A,14,4,1035,2250.0,1,1,1,3,1,1,0,2,1,1,1,3
HDCL_HW_A,14,5,77,1978.0,0,0,1,1,0,0,0,0,1,1,1,3
HDCL_HW_A,14,6,126,1928.0,1,1,1,3,0,0,0,0,1,1,1,3
HDCL_HW_A,14,7,910,1464.5,1,1,1,3,1,1,1,3,1,1,1,3
HDCL_HW_A,14,8,2165,1387.0,1,1,1,3,1,1,1,3,1,1,1,3
HDCL_HW_A,14,9,359,830.0,1,1,1,3,1,1,1,3,1,1,1,3
HDCL_HW_A,14,10,10662,660.0,1,1,1,3,1,1,1,3,1,1,1,3
HDCL_HW_A,14,11,865,658.0,1,1,1,3,0,0,0,0,1,1,1,3
HDCL_HW_A,14,12,3037,544.0,1,1,1,3,1,1,1,3,1,1,1,3
HDCL_HW_A,14,13,335,535.0,1,1,1,3,1,1,1,3,1,1,1,3
HDCL_HW_A,15,0,114,12226.5,1,1,1,3,0,0,0,0,1,1,1,3
HDCL_HW_A,15,1,65,10194.0,1,1,1,3,0,0,0,0,1,1,1,3
HDCL_HW_A,15,2,586,7177.5,1,1,1,3,0,0,0,0,1,1,1,3
HDCL_HW_A,15,3,100,5553.5,1,1,1,3,0,0,0,0,1,1,1,3
HDCL_HW_A,15,4,348,3815.5,1,1,1,3,1,0,1,2,1,1,1,3
HDCL_HW_A,15,5,1009,2149.0,1,1,1,3,1,0,0,1,1,1,1,3
HDCL_HW_A,15,6,162,1840.5,1,1,1,3,0,0,0,0,1,1,1,3
HDCL_HW_A,15,7,80,1820.0,1,1,1,3,0,0,0,0,1,1,1,3
HDCL_HW_A,15,8,1088,1376.0,1,1,1,3,1,1,1,3,1,1,1,3
HDCL_HW_A,15,9,2734,1266.0,1,1,1,3,1,1,1,3,1,1,1,3
HDCL_HW_A,15,10,456,740.0,1,1,1,3,0,1,1,2,1,1,1,3
HDCL_HW_A,15,11,7773,576.0,1,1,1,3,1,1,1,3,1,1,1,3
HDCL_HW_A,15,12,2098,558.0,1,1,1,3,1,1,1,3,1,1,1,3
HDCL_HW_A,16,0,189,15063.0,1,1,0,2,0,0,0,0,1,1,1,3
HDCL_HW_A,16,1,33,12169.0,0,0,0,0,0,0,0,0,0,0,0,0
HDCL_HW_A,16,2,105,10876.0,0,0,0,0,0,0,0,0,0,0,0,0
HDCL_HW_A,16,3,47,15133.0,0,1,0,1,0,0,0,0,1,0,1,2
HDCL_HW_A,16,4,75,11183.0,1,1,1,3,0,0,0,0,1,1,1,3
HDCL_HW_A,16,5,57,10130.0,1,1,1,3,0,0,0,0,1,1,1,3
HDCL_HW_A,16,6,333,4840.0,1,1,1,3,1,1,0,2,1,1,1,3
HDCL_HW_A,16,7,136,4818.5,1,1,1,3,0,0,0,0,1,1,1,3
HDCL_HW_A,16,8,79,4322.0,1,1,1,3,0,0,0,0,1,1,1,3
HDCL_HW_A,16,9,30,8473.5,1,1,1,3,0,0,0,0,1,1,1,3
HDCL_HW_A,16,10,415,3373.0,1,1,1,3,1,0,1,2,1,1,1,3
HDCL_HW_A,16,11,31,4556.0,1,1,1,3,0,0,0,0,1,1,1,3
HDCL_HW_A,16,12,808,1764.0,1,1,1,3,0,0,0,0,1,1,1,3
HDCL_HW_A,16,13,179,1790.0,1,1,1,3,0,0,0,0,1,1,1,3
HDCL_HW_A,16,14,145,1563.0,1,1,1,3,0,0,0,0,1,1,1,3
HDCL_HW_A,16,15,304,1474.5,1,1,1,3,0,0,0,0,1,1,1,3
HDCL_HW_A,16,16,125,1431.0,1,1,1,3,0,0,0,0,1,1,1,3
HDCL_HW_A,16,17,226,986.0,1,1,1,3,0,0,0,0,1,1,1,3
HDCL_HW_A,16,18,1773,883.0,1,1,1,3,1,1,1,3,1,1,1,3
HDCL_HW_A,16,19,6086,861.0,1,1,1,3,1,1,1,3,1,1,1,3
HDCL_HW_A,17,0,91,15531.0,0,1,0,1,0,0,0,0,0,1,0,1
HDCL_HW_A,17,1,29,15601.0,0,0,0,0,0,0,0,0,1,0,1,2
HDCL_HW_A,17,2,67,14117.0,1,1,1,3,0,0,0,0,1,1,1,3
HDCL_HW_A,17,3,79,10722.0,1,1,1,3,0,0,0,0,1,1,1,3
HDCL_HW_A,17,4,55,11238.0,1,1,1,3,0,0,0,0,1,1,1,3
HDCL_HW_A,17,5,311,4247.0,1,1,1,3,1,1,0,2,1,1,1,3
HDCL_HW_A,17,6,102,4741.5,1,1,1,3,0,0,0,0,1,1,1,3
HDCL_HW_A,17,7,102,3211.0,1,1,1,3,0,0,0,0,1,1,1,3
HDCL_HW_A,17,8,39,14715.0,1,1,1,3,0,0,0,0,1,1,1,3
HDCL_HW_A,17,9,35,3958.0,1,1,1,3,0,0,0,0,1,1,1,3
HDCL_HW_A,17,10,451,2739.0,1,1,1,3,0,0,0,0,1,1,1,3
HDCL_HW_A,17,11,983,1502.0,1,1,1,3,1,0,0,1,1,1,1,3
HDCL_HW_A,17,12,260,1545.0,1,1,1,3,0,0,0,0,1,1,1,3
HDCL_HW_A,17,13,242,1294.0,1,1,1,3,0,0,0,0,1,1,1,3
HDCL_HW_A,17,14,443,1206.0,1,1,1,3,1,1,1,3,1,1,1,3
HDCL_HW_A,17,15,247,1186.0,1,1,1,3,0,0,0,0,1,1,1,3
HDCL_HW_A,17,16,446,720.0,1,1,1,3,1,1,1,3,1,1,1,3
HDCL_HW_A,17,17,250,698.0,1,1,1,3,0,0,0,0,1,1,1,3
HDCL_HW_A,17,18,11478,605.0,1,1,1,3,1,1,1,3,1,1,1,3
HDCL_HW_A,17,19,1624,627.0,1,1,1,3,1,1,1,3,1,1,1,3
HDCL_HW_A,18,0,143,17732.0,0,0,0,0,0,0,0,0,0,0,0,0
HDCL_HW_A,18,1,20,14120.5,0,0,0,0,0,0,0,0,0,0,0,0
HDCL_HW_A,18,2,68,14150.0,1,1,1,3,0,0,0,0,1,1,1,3
HDCL_HW_A,18,3,87,10750.0,1,1,1,3,0,0,0,0,1,1,1,3
HDCL_HW_A,18,4,55,11926.0,1,1,1,3,0,0,0,0,1,1,1,3
HDCL_HW_A,18,5,350,3954.0,1,1,1,3,1,0,1,2,1,1,1,3
HDCL_HW_A,18,6,248,4459.5,1,1,1,3,0,0,0,0,1,1,1,3
HDCL_HW_A,18,7,120,3277.5,1,1,1,3,0,0,0,0,1,1,1,3
HDCL_HW_A,18,8,52,9445.0,1,1,1,3,0,0,0,0,1,1,1,3
HDCL_HW_A,18,9,536,2668.0,1,1,1,3,0,0,0,0,1,1,1,3
HDCL_HW_A,18,10,44,3631.5,1,1,1,3,0,0,0,0,1,1,1,3
HDCL_HW_A,18,11,1082,1435.0,1,1,1,3,0,0,0,0,1,1,1,3
HDCL_HW_A,18,12,299,1495.0,1,1,1,3,0,0,0,0,1,1,1,3
HDCL_HW_A,18,13,207,1224.0,1,1,1,3,0,0,0,0,1,1,1,3
HDCL_HW_A,18,14,477,1121.0,1,1,1,3,1,1,1,3,1,1,1,3
HDCL_HW_A,18,15,255,1096.0,1,1,1,3,0,0,0,0,1,1,1,3
HDCL_HW_A,18,16,500,656.0,1,1,1,3,0,0,0,0,1,1,1,3
HDCL_HW_A,18,17,6979,556.0,1,1,1,3,1,1,1,3,1,1,1,3
HDCL_HW_A,18,18,1101,582.0,1,1,1,3,0,0,0,0,1,1,1,3
HDCL_HW_A,19,0,178,14989.5,0,1,0,1,0,0,0,0,1,1,1,3
HDCL_HW_A,19,1,94,13156.0,1,1,1,3,0,0,0,0,1,1,1,3
HDCL_HW_A,19,2,98,8872.5,1,1,1,3,0,0,0,0,1,1,1,3
HDCL_HW_A,19,3,79,10426.0,1,1,1,3,0,0,0,0,1,1,1,3
HDCL_HW_A,19,4,432,3521.5,1,1,1,3,1,1,0,2,1,1,1,3
HDCL_HW_A,19,5,241,3771.0,1,1,1,3,0,0,0,0,1,1,1,3
HDCL_HW_A,19,6,171,2609.0,1,1,1,3,0,0,0,0,1,1,1,3
HDCL_HW_A,19,7,41,3599.0,1,1,1,3,0,0,0,0,1,1,1,3
HDCL_HW_A,19,8,67,2827.0,1,1,1,3,0,0,0,0,1,1,1,3
HDCL_HW_A,19,9,888,1937.0,1,1,1,3,0,0,0,0,1,1,1,3
HDCL_HW_A,19,10,1870,1052.0,1,1,1,3,1,1,1,3,1,1,1,3
HDCL_HW_A,19,11,538,1065.0,1,1,1,3,1,1,1,3,1,1,1,3
HDCL_HW_A,19,12,432,868.0,1,1,1,3,1,1,1,3,1,1,1,3
HDCL_HW_A,19,13,500,848.0,1,1,1,3,0,0,0,0,1,1,1,3
HDCL_HW_A,19,14,1079,767.0,1,1,1,3,1,1,1,3,1,1,1,3
HDCL_HW_A,20,0,153,15619.0,0,1,0,1,0,0,0,0,1,1,0,2
HDCL_HW_A,20,1,26,16455.5,0,0,0,0,0,0,0,0,1,1,0,2
HDCL_HW_A,20,2,95,12578.0,1,1,1,3,0,0,0,0,1,1,1,3
HDCL_HW_A,20,3,42,9931.5,0,0,0,0,0,0,0,0,0,0,0,0
HDCL_HW_A,20,4,65,10547.0,0,0,0,0,0,0,0,0,0,0,0,0
HDCL_HW_A,20,5,105,9989.0,1,1,1,3,0,0,0,0,1,1,1,3
HDCL_HW_A,20,6,73,10740.0,1,1,1,3,0,0,0,0,1,1,1,3
HDCL_HW_A,20,7,427,3450.0,1,1,1,3,1,0,0,1,1,1,1,3
HDCL_HW_A,20,8,186,3822.5,1,1,1,3,0,0,0,0,1,1,1,3
HDCL_HW_A,20,9,181,2498.0,1,1,1,3,0,0,0,0,1,1,1,3
HDCL_HW_A,20,10,45,2636.0,1,1,1,3,0,0,0,0,1,1,1,3
HDCL_HW_A,20,11,42,2386.0,1,1,1,3,0,0,0,0,1,1,1,3
HDCL_HW_A,20,12,911,1883.0,1,1,1,3,0,0,0,0,1,1,1,3
HDCL_HW_A,20,13,2203,959.0,1,1,1,3,1,1,1,3,1,1,1,3
HDCL_HW_A,20,14,702,982.0,1,1,1,3,0,0,1,1,1,1,1,3
HDCL_HW_A,20,15,557,769.0,1,1,1,3,0,0,1,1,1,1,1,3
HDCL_HW_A,20,16,698,754.0,1,1,1,3,1,1,1,3,1,1,1,3
HDCL_HW_A,20,17,1505,682.0,1,1,1,3,1,1,1,3,1,1,1,3
HDCL_HW_A,21,0,174,14320.5,0,1,0,1,0,0,0,0,1,1,0,2
HDCL_HW_A,21,1,48,12374.0,1,1,1,3,0,0,0,0,1,1,1,3
HDCL_HW_A,21,2,23,12287.0,0,0,0,0,0,0,0,0,0,0,0,0
HDCL_HW_A,21,3,231,8324.0,0,1,0,1,0,0,0,0,1,0,0,1
HDCL_HW_A,21,4,22,14188.0,0,1,1,2,0,0,0,0,1,1,1,3
HDCL_HW_A,21,5,20,12757.5,1,1,1,3,0,0,0,0,1,1,1,3
HDCL_HW_A,21,6,50,10096.5,1,1,1,3,0,0,0,0,1,1,1,3
HDCL_HW_A,21,7,119,5242.0,1,1,0,2,0,0,0,0,1,1,1,3
HDCL_HW_A,21,8,118,5773.0,1,1,1,3,1,1,0,2,1,1,1,3
HDCL_HW_A,21,9,42,6949.0,1,1,1,3,0,0,0,0,1,1,1,3
HDCL_HW_A,21,10,139,26041.0,1,1,1,3,0,0,0,0,1,1,1,3
HDCL_HW_A,21,11,1075,1964.0,1,1,1,3,1,1,1,3,1,1,1,3
HDCL_HW_A,21,12,586,1714.0,1,1,1,3,0,1,1,2,1,1,1,3
HDCL_HW_A,21,13,71,1447.0,1,1,1,3,0,0,0,0,1,1,1,3
HDCL_HW_A,21,14,691,1333.0,1,1,1,3,1,1,1,3,1,1,1,3
HDCL_HW_A,21,15,62,1206.0,1,1,1,3,0,0,0,0,1,1,1,3
HDCL_HW_A,21,16,7100,773.0,1,1,1,3,1,1,1,3,1,1,1,3
HDCL_HW_A,21,17,1214,601.0,1,1,1,3,1,1,1,3,1,1,1,3
HDCL_HW_A,22,0,148,13565.0,0,0,0,0,0,0,0,0,1,0,0,1
HDCL_HW_A,22,1,63,12953.0,0,0,0,0,0,0,0,0,0,0,0,0
HDCL_HW_A,22,2,38,13140.0,1,1,1,3,0,0,0,0,1,1,1,3
HDCL_HW_A,22,3,172,8247.5,1,1,1,3,0,0,0,0,1,1,1,3
HDCL_HW_A,22,4,31,13016.0,1,1,1,3,0,0,0,0,1,1,1,3
HDCL_HW_A,22,5,23,13005.0,1,1,1,3,0,0,0,0,1,1,1,3
HDCL_HW_A,22,6,97,6510.0,0,1,0,1,0,0,0,0,1,1,1,3
HDCL_HW_A,22,7,90,8137.0,0,0,0,0,0,0,0,0,1,0,0,1
HDCL_HW_A,22,8,294,4747.0,1,1,1,3,0,0,0,0,1,1,1,3
HDCL_HW_A,22,9,129,4464.0,1,1,1,3,0,0,0,0,1,1,1,3
HDCL_HW_A,22,10,118,5424.5,1,1,1,3,0,1,1,2,1,1,1,3
HDCL_HW_A,22,11,40,9430.5,1,1,1,3,0,0,0,0,1,1,1,3
HDCL_HW_A,22,12,199,4376.0,1,1,1,3,0,0,0,0,1,1,1,3
HDCL_HW_A,22,13,1767,1549.0,1,1,1,3,1,1,1,3,1,1,1,3
HDCL_HW_A,22,14,259,1037.0,1,1,1,3,0,1,0,1,1,1,1,3
HDCL_HW_A,22,15,120,1037.5,1,1,1,3,0,0,0,0,1,1,1,3
HDCL_HW_A,22,16,148,1028.0,1,1,1,3,0,0,0,0,1,1,1,3
HDCL_HW_A,22,17,1213,936.0,1,1,1,3,1,1,1,3,1,1,1,3
HDCL_HW_A,22,18,157,849.0,1,1,1,3,0,0,0,0,1,1,1,3
HDCL_HW_A,23,0,40,17077.5,1,0,0,1,0,0,0,0,1,0,0,1
HDCL_HW_A,23,1,93,14812.0,0,1,0,1,0,0,0,0,1,0,0,1
HDCL_HW_A,23,2,49,13154.0,0,0,0,0,0,0,0,0,0,0,0,0
HDCL_HW_A,23,3,20,14720.5,1,1,1,3,0,0,0,0,1,1,1,3
HDCL_HW_A,23,4,180,8231.0,1,1,1,3,0,0,0,0,1,1,1,3
HDCL_HW_A,23,5,132,7616.5,0,1,0,1,0,0,0,0,1,0,0,1
HDCL_HW_A,23,6,27,8941.0,0,0,0,0,0,0,0,0,0,0,0,0
HDCL_HW_A,23,7,20,18102.5,1,1,1,3,0,0,0,0,1,1,1,3
HDCL_HW_A,23,8,115,7828.0,0,0,0,0,0,0,0,0,1,0,0,1
HDCL_HW_A,23,9,282,4410.0,1,1,1,3,0,1,0,1,1,1,1,3
HDCL_HW_A,23,10,153,4024.0,1,1,1,3,0,0,0,0,1,1,1,3
HDCL_HW_A,23,11,95,4062.0,1,1,1,3,1,1,1,3,1,1,1,3
HDCL_HW_A,23,12,45,4616.0,1,1,1,3,0,0,0,0,1,1,1,3
HDCL_HW_A,23,13,58,5061.0,1,1,1,3,0,0,0,0,1,1,1,3
HDCL_HW_A,23,14,242,2144.0,1,1,1,3,1,0,0,1,1,1,1,3
HDCL_HW_A,23,15,4068,1058.0,1,1,1,3,1,1,1,3,1,1,1,3
HDCL_HW_A,23,16,1879,849.0,1,1,1,3,1,1,1,3,1,1,1,3
HDCL_HW_A,23,17,502,580.0,1,1,1,3,0,0,0,0,1,1,1,3
HDCL_HW_A,23,18,218,546.0,1,1,1,3,0,0,0,0,1,1,0,2
HDCL_HW_A,24,0,42,17431.0,1,1,0,2,0,0,0,0,1,1,1,3
HDCL_HW_A,24,1,165,13710.0,0,1,0,1,0,0,0,0,1,0,0,1
HDCL_HW_A,24,2,34,14729.5,1,1,1,3,0,0,0,0,1,1,1,3
HDCL_HW_A,24,3,134,8396.0,1,1,1,3,0,0,0,0,1,1,1,3
HDCL_HW_A,24,4,113,7590.0,0,1,0,1,0,0,0,0,1,0,0,1
HDCL_HW_A,24,5,46,13972.0,1,1,1,3,0,0,0,0,1,1,1,3
HDCL_HW_A,24,6,29,8411.0,0,0,0,0,0,0,0,0,0,0,0,0
HDCL_HW_A,24,7,131,5846.0,1,1,1,3,0,0,0,0,1,1,1,3
HDCL_HW_A,24,8,83,7655.0,1,1,1,3,0,0,0,0,1,1,1,3
HDCL_HW_A,24,9,42,7251.0,1,1,1,3,0,0,0,0,1,1,1,3
HDCL_HW_A,24,10,255,4353.0,1,1,1,3,0,0,0,0,1,1,1,3
HDCL_HW_A,24,11,196,3863.0,1,1,1,3,0,0,0,0,1,1,1,3
HDCL_HW_A,24,12,164,4122.5,1,1,1,3,1,1,1,3,1,1,1,3
HDCL_HW_A,24,13,50,3158.0,1,1,1,3,1,0,0,1,1,1,1,3
HDCL_HW_A,24,14,261,2098.0,1,1,1,3,1,0,0,1,1,1,1,3
HDCL_HW_A,24,15,4749,1018.0,1,1,1,3,1,1,1,3,1,1,1,3
HDCL_HW_A,24,16,1951,823.0,1,1,1,3,1,1,1,3,1,1,1,3
HDCL_HW_A,24,17,421,552.0,1,1,1,3,0,0,0,0,1,1,1,3
HDCL_HW_A,25,0,87,13272.0,1,1,0,2,0,0,0,0,1,1,1,3
HDCL_HW_A,25,1,30,15593.0,1,1,1,3,0,0,0,0,1,1,1,3
HDCL_HW_A,25,2,30,14527.0,1,1,1,3,0,0,0,0,1,1,1,3
HDCL_HW_A,25,3,32,14671.5,1,1,1,3,0,0,0,0,1,1,1,3
HDCL_HW_A,25,4,37,12584.0,0,0,0,0,0,0,0,0,0,0,0,0
HDCL_HW_A,25,5,199,6223.0,1,1,1,3,0,0,0,0,1,1,1,3
HDCL_HW_A,25,6,25,16399.0,1,1,1,3,0,0,0,0,1,1,1,3
HDCL_HW_A,25,7,231,5758.0,1,1,1,3,0,0,0,0,1,1,1,3
HDCL_HW_A,25,8,22,15582.0,1,1,1,3,0,0,0,0,1,1,1,3
HDCL_HW_A,25,9,32,14395.5,1,1,1,3,0,0,0,0,1,0,1,2
HDCL_HW_A,25,10,172,5288.0,1,1,1,3,0,0,0,0,1,1,1,3
HDCL_HW_A,25,11,82,4449.0,1,1,1,3,0,0,0,0,1,1,1,3
HDCL_HW_A,25,12,562,2737.5,1,1,1,3,1,1,1,3,1,1,1,3
HDCL_HW_A,25,13,242,2491.0,1,1,1,3,0,0,0,0,1,1,1,3
HDCL_HW_A,25,14,179,2393.0,1,1,1,3,0,0,0,0,1,1,1,3
HDCL_HW_A,25,15,317,2116.0,1,1,1,3,0,0,0,0,1,1,1,3
HDCL_HW_A,25,16,401,2098.0,1,1,1,3,0,0,0,0,1,1,1,3
HDCL_HW_A,25,17,121,1992.0,1,1,1,3,0,0,0,0,1,1,1,3
HDCL_HW_A,25,18,161,1555.0,1,1,1,3,0,0,0,0,1,1,1,3
HDCL_HW_A,25,19,1818,926.0,1,1,1,3,1,1,1,3,1,1,1,3
HDCL_HW_A,25,20,2207,853.0,1,1,1,3,1,1,1,3,1,1,1,3
HDCL_HW_A,26,0,281,10110.0,1,1,1,3,0,0,0,0,1,1,1,3
HDCL_HW_A,26,1,30,11888.5,1,1,1,3,0,0,0,0,1,1,1,3
HDCL_HW_A,26,2,34,10522.0,1,1,1,3,0,0,0,0,1,1,1,3
HDCL_HW_A,26,3,58,7865.0,1,1,1,3,0,0,0,0,1,1,1,3
HDCL_HW_A,26,4,225,5086.0,1,1,1,3,0,0,0,0,1,1,1,3
HDCL_HW_A,26,5,60,11654.5,1,1,1,3,0,0,0,0,1,1,1,3
HDCL_HW_A,26,6,44,4230.5,1,1,1,3,1,1,0,2,1,1,1,3
HDCL_HW_A,26,7,58,4436.5,1,1,1,3,0,0,0,0,1,1,1,3
HDCL_HW_A,26,8,394,3702.5,1,1,1,3,0,0,0,0,1,1,1,3
HDCL_HW_A,26,9,96,12272.5,1,1,1,3,0,0,0,0,1,1,1,3
HDCL_HW_A,26,10,48,3614.0,1,1,1,3,0,0,0,0,1,1,1,3
HDCL_HW_A,26,11,738,2696.0,1,1,1,3,0,0,1,1,1,1,1,3
HDCL_HW_A,26,12,972,2086.0,1,1,1,3,1,1,1,3,1,1,1,3
HDCL_HW_A,26,13,892,1411.0,1,1,1,3,0,0,0,0,1,1,1,3
HDCL_HW_A,26,14,968,1152.0,1,1,1,3,1,1,1,3,1,1,1,3
HDCL_HW_A,27,0,331,9166.0,1,1,1,3,0,0,0,0,1,1,1,3
HDCL_HW_A,27,1,22,12453.5,1,1,1,3,0,0,0,0,1,1,1,3
HDCL_HW_A,27,2,31,11451.0,1,1,1,3,0,0,0,0,1,1,1,3
HDCL_HW_A,27,3,25,10629.0,1,1,1,3,0,0,0,0,1,1,1,3
HDCL_HW_A,27,4,62,7698.5,1,1,1,3,0,0,0,0,1,1,1,3
HDCL_HW_A,27,5,111,5486.0,1,1,1,3,0,0,0,0,1,1,1,3
HDCL_HW_A,27,6,170,4380.5,1,1,1,3,0,0,0,0,1,1,1,3
HDCL_HW_A,27,7,83,12069.0,1,1,1,3,0,0,0,0,1,1,1,3
HDCL_HW_A,27,8,193,4067.0,1,1,1,3,0,0,0,0,1,1,1,3
HDCL_HW_A,27,9,105,13158.0,1,1,1,3,0,0,0,0,1,1,1,3
HDCL_HW_A,27,10,315,3131.0,1,1,1,3,0,0,0,0,1,1,1,3
HDCL_HW_A,27,11,52,3159.0,1,1,1,3,0,0,0,0,1,1,1,3
HDCL_HW_A,27,12,240,2610.0,1,1,1,3,0,0,0,0,1,1,1,3
HDCL_HW_A,27,13,1221,1909.0,1,1,1,3,1,1,1,3,1,1,1,3
HDCL_HW_A,27,14,563,2358.0,1,1,1,3,0,0,0,0,1,1,1,3
HDCL_HW_A,27,15,1259,1215.0,1,1,1,3,1,1,1,3,1,1,1,3
HDCL_HW_A,27,16,1370,1003.0,1,1,1,3,1,1,1,3,1,1,1,3
HDCL_HW_A,28,0,376,8757.5,1,1,1,3,0,0,0,0,1,1,1,3
HDCL_HW_A,28,1,27,11517.0,1,1,1,3,0,0,0,0,1,1,1,3
HDCL_HW_A,28,2,43,11249.0,1,1,1,3,0,0,0,0,1,1,1,3
HDCL_HW_A,28,3,22,9438.0,1,1,1,3,0,0,0,0,1,1,1,3
HDCL_HW_A,28,4,48,7955.5,1,1,1,3,0,0,0,0,1,1,1,3
HDCL_HW_A,28,5,128,5466.5,1,1,1,3,0,0,0,0,1,1,1,3
HDCL_HW_A,28,6,211,3998.0,1,1,1,3,1,1,1,3,1,1,1,3
HDCL_HW_A,28,7,85,12468.0,1,1,1,3,0,0,0,0,1,1,1,3
HDCL_HW_A,28,8,44,3741.5,1,1,1,3,0,0,0,0,1,1,1,3
HDCL_HW_A,28,9,92,3634.0,1,1,1,3,0,0,0,0,1,1,1,3
HDCL_HW_A,28,10,116,11750.0,1,1,1,3,0,0,0,0,1,1,1,3
HDCL_HW_A,28,11,72,2971.0,1,1,1,3,0,1,0,1,1,1,1,3
HDCL_HW_A,28,12,412,2713.0,1,1,1,3,0,0,0,0,1,1,1,3
HDCL_HW_A,28,13,316,2301.0,1,1,1,3,1,1,1,3,1,1,1,3
HDCL_HW_A,28,14,1579,1706.0,1,1,1,3,1,1,1,3,1,1,1,3
HDCL_HW_A,28,15,751,2039.0,1,1,1,3,0,0,0,0,1,1,1,3
HDCL_HW_A,28,16,2130,1009.0,1,1,1,3,1,1,1,3,1,1,1,3
HDCL_HW_A,28,17,2158,829.0,1,1,1,3,0,0,0,0,1,1,1,3
HDCL_HW_A,28,18,1902,822.0,1,1,1,3,1,1,1,3,1,1,1,3
HDCL_HW_A,29,0,209,8637.0,1,1,1,3,0,0,0,0,1,1,1,3
HDCL_HW_A,29,1,45,12522.0,1,1,1,3,0,0,0,0,1,1,1,3
HDCL_HW_A,29,2,210,8169.0,1,1,1,3,0,0,0,0,1,1,1,3
HDCL_HW_A,29,3,52,12284.5,1,1,1,3,0,0,0,0,1,1,1,3
HDCL_HW_A,29,4,33,8897.0,1,1,1,3,0,0,0,0,1,1,1,3
HDCL_HW_A,29,5,73,7829.0,1,1,1,3,0,0,0,0,1,1,1,3
HDCL_HW_A,29,6,124,4249.0,1,1,1,3,0,0,0,0,1,1,1,3
HDCL_HW_A,29,7,246,3576.5,1,1,1,3,1,0,1,2,1,1,1,3
HDCL_HW_A,29,8,92,14677.0,1,1,1,3,0,0,0,0,1,1,1,3
HDCL_HW_A,29,9,69,3120.0,1,1,1,3,0,0,0,0,1,1,1,3
HDCL_HW_A,29,10,486,2955.5,1,1,1,3,0,0,0,0,1,1,1,3
HDCL_HW_A,29,11,86,3231.5,1,1,1,3,0,0,0,0,1,1,1,3
HDCL_HW_A,29,12,172,10147.0,1,1,1,3,0,0,0,0,1,1,1,3
HDCL_HW_A,29,13,79,2468.0,1,1,1,3,0,0,0,0,1,1,1,3
HDCL_HW_A,29,14,651,2226.0,1,1,1,3,0,0,0,0,1,1,1,3
HDCL_HW_A,29,15,463,1899.0,1,1,1,3,1,0,0,1,1,1,1,3
HDCL_HW_A,29,16,2348,1391.0,1,1,1,3,1,1,1,3,1,1,1,3
HDCL_HW_A,29,17,1193,1617.0,1,1,1,3,1,1,1,3,1,1,1,3
HDCL_HW_A,29,18,5654,659.0,1,1,1,3,1,1,1,3,1,1,1,3
HDCL_HW_A,29,19,2806,542.0,1,1,1,3,1,1,1,3,1,1,1,3
HDCL_HW_A,30,0,34,7306.0,1,1,1,3,0,0,0,0,1,1,1,3
HDCL_HW_A,30,1,337,6038.0,1,1,1,3,0,0,0,0,1,1,1,3
HDCL_HW_A,30,2,65,7473.0,1,1,1,3,0,0,0,0,1,1,1,3
HDCL_HW_A,30,3,190,4654.5,1,1,1,3,0,1,0,1,1,1,1,3
HDCL_HW_A,30,4,248,3976.0,1,1,1,3,0,0,0,0,1,1,1,3
HDCL_HW_A,30,5,68,5325.5,1,1,1,3,0,0,0,0,1,1,1,3
HDCL_HW_A,30,6,48,19320.0,1,1,1,3,0,0,0,0,1,1,1,3
HDCL_HW_A,30,7,166,8931.0,1,1,1,3,0,0,0,0,1,1,1,3
HDCL_HW_A,30,8,208,2380.5,1,1,1,3,0,0,0,0,1,1,1,3
HDCL_HW_A,30,9,568,2187.0,1,1,1,3,0,0,0,0,1,1,1,3
HDCL_HW_A,30,10,310,1757.0,1,1,1,3,1,0,0,1,1,1,1,3
HDCL_HW_A,30,11,224,1619.5,1,1,1,3,0,1,0,1,1,1,1,3
HDCL_HW_A,30,12,230,1139.0,1,1,1,3,0,0,0,0,1,1,1,3
HDCL_HW_A,30,13,1267,948.0,1,1,1,3,0,0,1,1,1,1,1,3
HDCL_HW_A,30,14,289,1001.0,1,1,1,3,0,1,1,2,1,1,1,3
HDCL_HW_A,30,15,1170,944.0,1,1,1,3,0,0,0,0,1,1,1,3
HDCL_HW_A,30,16,658,774.0,1,1,1,3,1,1,1,3,1,1,1,3
HDCL_HW_A,30,17,587,745.0,1,1,1,3,1,1,1,3,1,1,1,3
HDCL_HW_A,31,0,60,7320.5,1,1,1,3,0,0,0,0,1,1,1,3
HDCL_HW_A,31,1,76,6112.0,1,1,1,3,0,0,0,0,1,1,1,3
HDCL_HW_A,31,2,294,5609.5,1,1,1,3,0,0,1,1,1,1,1,3
HDCL_HW_A,31,3,64,7932.5,1,1,1,3,0,0,0,0,1,1,1,3
HDCL_HW_A,31,4,255,4256.0,1,1,1,3,0,0,0,0,1,1,1,3
HDCL_HW_A,31,5,345,3379.0,1,1,1,3,0,0,0,0,1,1,1,3
HDCL_HW_A,31,6,36,18719.0,1,1,1,3,0,0,0,0,1,1,1,3
HDCL_HW_A,31,7,92,7449.0,1,1,1,3,0,0,0,0,1,1,1,3
HDCL_HW_A,31,8,63,15675.5,1,1,1,3,0,0,0,0,1,1,1,3
HDCL_HW_A,31,9,230,4126.0,1,1,1,3,0,0,0,0,1,1,1,3
HDCL_HW_A,31,10,498,1855.0,1,1,1,3,0,0,0,0,1,1,1,3
HDCL_HW_A,31,11,1042,1622.0,1,1,1,3,1,1,1,3,1,1,1,3
HDCL_HW_A,31,12,419,1292.0,1,1,1,3,1,1,1,3,1,1,1,3
HDCL_HW_A,31,13,377,1221.0,1,1,1,3,1,1,1,3,1,1,1,3
HDCL_HW_A,31,14,448,722.0,1,1,1,3,1,1,1,3,1,1,1,3
HDCL_HW_A,31,15,693,589.0,1,1,1,3,1,1,1,3,1,1,1,3
HDCL_HW_A,32,0,117,4754.0,1,1,1,3,0,0,0,0,1,1,1,3
HDCL_HW_A,32,1,96,3795.5,1,1,1,3,0,1,0,1,1,1,1,3
HDCL_HW_A,32,2,102,3188.5,1,1,1,3,0,1,0,1,1,1,1,3
HDCL_HW_A,32,3,30,3513.0,1,1,1,3,0,0,0,0,1,1,1,3
HDCL_HW_A,32,4,138,3005.5,1,1,1,3,0,0,0,0,1,1,1,3
HDCL_HW_A,32,5,56,3627.5,1,1,1,3,0,0,0,0,1,1,1,3
HDCL_HW_A,32,6,282,3269.0,1,1,1,3,0,0,0,0,1,1,1,3
HDCL_HW_A,32,7,45,6014.0,1,1,1,3,0,0,0,0,1,1,1,3
HDCL_HW_A,32,8,888,2349.0,1,1,1,3,1,0,0,1,1,1,1,3
HDCL_HW_A,32,9,913,2101.0,1,1,1,3,1,1,0,2,1,1,1,3
HDCL_HW_A,32,10,1718,1506.0,1,1,1,3,0,0,0,0,1,1,1,3
HDCL_HW_A,32,11,187,1172.0,1,1,1,3,0,0,1,1,1,1,1,3
HDCL_HW_A,32,12,476,1112.0,1,1,1,3,1,1,1,3,1,1,1,3
HDCL_HW_A,32,13,404,1018.0,1,1,1,3,1,1,1,3,1,1,1,3
HDCL_HW_A,33,0,105,4505.0,1,1,1,3,1,1,1,3,1,1,1,3
HDCL_HW_A,33,1,86,3680.0,1,1,1,3,1,1,1,3,1,1,1,3
HDCL_HW_A,33,2,107,3185.0,1,1,1,3,0,0,0,0,1,1,1,3
HDCL_HW_A,33,3,33,3464.0,1,1,1,3,0,0,0,0,1,1,1,3
HDCL_HW_A,33,4,165,2962.0,1,1,1,3,0,0,0,0,1,1,1,3
HDCL_HW_A,33,5,45,3616.0,1,1,1,3,0,0,0,0,1,1,1,3
HDCL_HW_A,33,6,42,3492.5,1,1,1,3,0,0,0,0,1,1,1,3
HDCL_HW_A,33,7,273,2397.0,1,1,1,3,0,0,0,0,1,1,1,3
HDCL_HW_A,33,8,883,2198.0,1,1,1,3,1,0,1,2,1,1,1,3
HDCL_HW_A,33,9,1288,1827.0,1,1,1,3,0,0,0,0,1,1,1,3
HDCL_HW_A,33,10,2897,1216.0,1,1,1,3,1,1,1,3,1,1,1,3
HDCL_HW_A,33,11,258,997.0,1,1,1,3,1,1,1,3,1,1,1,3
HDCL_HW_A,33,12,750,867.0,1,1,1,3,1,1,1,3,1,1,1,3
HDCL_HW_A,33,13,731,778.0,1,1,1,3,1,1,1,3,1,1,1,3
HDCL_HW_A,34,0,129,4461.0,1,1,1,3,1,0,0,1,1,1,1,3
HDCL_HW_A,34,1,126,8046.5,1,1,1,3,0,0,0,0,1,1,1,3
HDCL_HW_A,34,2,164,1083.0,1,1,1,3,0,0,0,0,1,1,1,3
HDCL_HW_A,34,3,68,11413.0,1,1,1,3,0,0,0,0,1,1,1,3
HDCL_HW_A,34,4,274,1473.0,1,1,1,3,0,0,0,0,1,1,1,3
HDCL_HW_A,34,5,52,8388.5,1,1,1,3,0,0,0,0,1,1,1,3
HDCL_HW_A,34,6,410,2702.0,1,1,1,3,0,0,0,0,1,1,1,3
HDCL_HW_A,34,7,95,1127.0,1,1,1,3,0,0,0,0,1,1,1,3
HDCL_HW_A,34,8,1991,1577.0,1,1,1,3,1,1,1,3,1,1,1,3
HDCL_HW_A,34,9,4622,1115.5,1,1,1,3,1,1,1,3,1,1,1,3
HDCL_HW_A,35,0,419,2713.0,1,1,1,3,0,0,0,0,1,1,1,3
HDCL_HW_A,35,1,421,2538.0,1,1,1,3,0,0,0,0,1,1,1,3
HDCL_HW_A,35,2,548,1156.0,1,1,1,3,0,0,0,0,1,1,1,3
HDCL_HW_A,35,3,167,1190.0,1,1,1,3,0,0,0,0,1,1,1,3
HDCL_HW_A,35,4,183,1154.0,1,1,1,3,1,0,1,2,1,1,1,3
HDCL_HW_A,35,5,187,1737.0,1,1,1,3,0,0,0,0,1,1,1,3
HDCL_HW_A,35,6,523,1005.0,1,1,1,3,1,1,1,3,1,1,1,3
HDCL_HW_A,35,7,331,930.0,1,1,1,3,1,1,1,3,1,1,1,3
HDCL_HW_A,35,8,5647,695.0,1,1,1,3,1,1,1,3,1,1,1,3
HDCL_HW_A,35,9,3731,718.0,1,1,1,3,1,1,1,3,1,1,1,3
HDCL_HW_A,35,10,612,610.0,1,1,1,3,1,1,1,3,1,1,1,3
HDCL_HW_A,35,11,5153,545.0,1,1,1,3,1,1,1,3,1,1,1,3
HDCL_HW_A,36,0,774,1529.5,1,1,1,3,0,0,0,0,1,1,1,3
HDCL_HW_A,36,1,598,1764.5,1,1,1,3,1,1,1,3,1,1,1,3
HDCL_HW_A,36,2,212,1092.5,1,1,1,3,0,0,0,0,1,1,1,3
HDCL_HW_A,36,3,703,1015.0,1,1,1,3,0,1,0,1,1,1,1,3
HDCL_HW_A,36,4,315,1046.0,1,1,1,3,0,0,0,0,1,1,1,3
HDCL_HW_A,36,5,256,965.0,1,1,1,3,0,0,0,0,1,1,1,3
HDCL_HW_A,36,6,777,909.0,1,1,1,3,1,1,1,3,1,1,1,3
HDCL_HW_A,36,7,411,812.0,1,1,1,3,1,1,1,3,1,1,1,3
HDCL_HW_A,36,8,6470,644.0,1,1,1,3,1,1,1,3,1,1,1,3
HDCL_HW_A,36,9,4525,575.0,1,1,1,3,1,1,1,3,1,1,1,3
HDCL_HW_A,36,10,2445,552.0,1,1,1,3,1,1,1,3,1,1,1,3
HDCL_HW_A,37,0,761,1352.0,1,1,1,3,0,0,0,0,1,1,1,3
HDCL_HW_A,37,1,198,1112.0,1,1,1,3,0,0,0,0,1,1,1,3
HDCL_HW_A,37,2,272,1050.5,1,1,1,3,1,1,1,3,1,1,1,3
HDCL_HW_A,37,3,867,979.0,1,1,1,3,1,1,1,3,1,1,1,3
HDCL_HW_A,37,4,690,915.5,1,1,1,3,1,1,1,3,1,1,1,3
HDCL_HW_A,37,5,351,887.0,1,1,1,3,0,0,1,1,1,1,1,3
HDCL_HW_A,37,6,4111,748.0,1,1,1,3,1,1,1,3,1,1,1,3
HDCL_HW_A,37,7,350,814.0,1,1,1,3,1,1,1,3,1,1,1,3
HDCL_HW_A,37,8,7434,599.0,1,1,1,3,1,1,1,3,1,1,1,3
HDCL_HW_A,37,9,3001,555.0,1,1,1,3,1,1,1,3,1,1,1,3
HDCL_HW_A,38,0,196,1105.0,1,1,1,3,0,0,0,0,1,1,1,3
HDCL_HW_A,38,1,2658,965.0,1,1,1,3,1,1,1,3,1,1,1,3
HDCL_HW_A,38,2,286,1028.0,1,1,1,3,1,0,1,2,1,1,1,3
HDCL_HW_A,38,3,1058,920.0,1,1,1,3,1,1,1,3,1,1,1,3
HDCL_HW_A,38,4,762,909.5,1,1,1,3,1,1,1,3,1,1,1,3
HDCL_HW_A,38,5,3684,791.0,1,1,1,3,1,1,1,3,1,1,1,3
HDCL_HW_A,38,6,5017,686.0,1,1,1,3,1,1,1,3,1,1,1,3
HDCL_HW_A,38,7,390,808.0,1,1,1,3,1,1,1,3,1,1,1,3
HDCL_HW_A,39,0,297,1093.0,1,1,1,3,0,0,0,0,1,1,1,3
HDCL_HW_A,39,1,4493,792.0,1,1,1,3,1,1,1,3,1,1,1,3
HDCL_HW_A,39,2,4524,749.0,1,1,1,3,1,1,1,3,1,1,1,3
HDCL_HW_A,40,0,3700,1177.0,1,1,1,3,1,1,1,3,1,1,1,3
HDCL_HW_A,40,1,6241,1105.0,1,1,1,3,1,1,1,3,1,1,1,3
HDCL_HW_A,40,2,5040,744.0,1,1,1,3,1,1,1,3,1,1,1,3
HDCL_HW_A,40,3,5099,758.0,1,1,1,3,1,1,1,3,1,1,1,3
HDCL_HW_A,41,0,3334,1214.0,1,1,1,3,1,1,1,3,1,1,1,3
HDCL_HW_A,41,1,6410,1102.0,1,1,1,3,1,1,1,3,1,1,1,3
HDCL_HW_A,41,2,5490,721.0,1,1,1,3,1,1,1,3,1,1,1,3
HDCL_HW_A,41,3,1952,784.0,1,1,1,3,1,1,1,3,1,1,1,3
HDCL_HW_A,42,0,380,3334.5,1,1,1,3,0,0,0,0,1,1,1,3
HDCL_HW_A,42,1,1126,2058.0,1,1,1,3,1,1,1,3,1,1,1,3
HDCL_HW_A,42,2,149,1858.0,1,1,1,3,0,0,0,0,1,1,1,3
HDCL_HW_A,42,3,3985,1119.0,1,1,1,3,0,0,0,0,1,1,1,3
HDCL_HW_A,42,4,702,905.0,1,1,1,3,1,1,1,3,1,1,1,3
HDCL_HW_A,42,5,480,865.0,1,1,1,3,1,1,1,3,1,1,1,3
HDCL_HW_A,42,6,950,806.0,1,1,1,3,0,0,0,0,1,1,1,3
HDCL_HW_A,42,7,510,662.0,1,1,1,3,1,1,1,3,1,1,1,3
HDCL_HW_A,43,0,31,14716.0,1,1,0,2,0,0,0,0,1,1,0,2
HDCL_HW_A,43,1,182,12730.5,1,1,1,3,0,0,0,0,1,1,1,3
HDCL_HW_A,43,2,41,7979.0,1,1,1,3,0,0,0,0,1,1,1,3
HDCL_HW_A,43,3,24,9981.5,1,1,1,3,0,0,0,0,1,1,1,3
HDCL_HW_A,43,4,21,7706.0,1,1,1,3,0,0,0,0,1,1,1,3
HDCL_HW_A,43,5,208,6007.0,1,1,1,3,0,0,1,1,1,1,1,3
HDCL_HW_A,43,6,358,4139.5,1,1,1,3,1,1,1,3,1,1,1,3
HDCL_HW_A,43,7,64,5629.0,1,1,1,3,0,0,0,0,1,1,1,3
HDCL_HW_A,43,8,363,3901.0,1,1,1,3,1,0,1,2,1,1,1,3
HDCL_HW_A,43,9,142,2836.0,1,1,1,3,0,0,0,0,1,1,1,3
HDCL_HW_A,43,10,55,2870.0,1,1,1,3,1,0,1,2,1,1,1,3
HDCL_HW_A,43,11,79,3083.0,1,1,1,3,0,0,0,0,1,1,1,3
HDCL_HW_A,43,12,1356,1890.0,1,1,1,3,1,1,1,3,1,1,1,3
HDCL_HW_A,43,13,120,2168.0,1,1,1,3,0,0,0,0,1,1,1,3
HDCL_HW_A,43,14,176,2054.0,1,1,1,3,0,0,0,0,1,1,1,3
HDCL_HW_A,43,15,826,2137.0,1,1,1,3,0,0,0,0,1,1,1,3
HDCL_HW_A,43,16,244,1739.0,1,1,1,3,0,0,0,0,1,1,1,3
HDCL_HW_A,43,17,1114,1042.0,1,1,1,3,0,0,0,0,1,1,1,3
HDCL_HW_A,43,18,895,640.0,1,1,1,3,1,1,1,3,1,1,1,3
HDCL_HW_A,43,19,992,641.0,1,1,1,3,1,1,1,3,1,1,1,3
HDCL_HW_A,43,20,624,601.0,1,1,1,3,1,1,1,3,1,1,1,3
HDCL_HW_A,44,0,122,14856.5,1,1,1,3,0,0,0,0,1,1,1,3
HDCL_HW_A,44,1,216,12538.5,1,1,1,3,0,0,0,0,1,1,0,2
HDCL_HW_A,44,2,23,8679.0,1,1,1,3,0,0,0,0,1,1,1,3
HDCL_HW_A,44,3,20,11068.0,1,1,1,3,0,0,0,0,1,1,1,3
HDCL_HW_A,44,4,27,7916.0,1,1,1,3,0,0,0,0,1,1,1,3
HDCL_HW_A,44,5,218,6160.5,1,1,1,3,0,0,0,0,1,1,1,3
HDCL_HW_A,44,6,75,4952.0,1,1,1,3,0,0,0,0,1,1,1,3
HDCL_HW_A,44,7,346,4043.0,1,1,1,3,1,1,1,3,1,1,1,3
HDCL_HW_A,44,8,388,3729.0,1,1,1,3,0,0,0,0,1,1,1,3
HDCL_HW_A,44,9,149,2862.0,1,1,1,3,0,0,0,0,1,1,1,3
HDCL_HW_A,44,10,59,2907.0,1,1,1,3,1,0,1,2,1,1,1,3
HDCL_HW_A,44,11,1867,1753.0,1,1,1,3,1,1,1,3,1,1,1,3
HDCL_HW_A,44,12,74,2687.0,1,1,1,3,0,0,0,0,1,1,1,3
HDCL_HW_A,44,13,198,1962.0,1,1,1,3,1,0,0,1,1,1,1,3
HDCL_HW_A,44,14,105,2151.0,1,1,1,3,0,0,0,0,1,1,1,3
HDCL_HW_A,44,15,846,2226.0,1,1,1,3,0,0,0,0,1,1,1,3
HDCL_HW_A,44,16,227,1768.0,1,1,1,3,0,0,0,0,1,1,1,3
HDCL_HW_A,44,17,1126,1040.0,1,1,1,3,0,0,0,0,1,1,1,3
HDCL_HW_A,44,18,1514,574.5,1,1,1,3,1,1,1,3,1,1,1,3
HDCL_HW_A,45,0,2927,1328.0,1,1,1,3,1,1,1,3,1,1,1,3
HDCL_HW_A,45,1,488,3171.5,1,1,1,3,0,0,0,0,1,1,1,3
HDCL_HW_A,45,2,50,6152.0,1,1,1,3,0,0,0,0,1,1,1,3
HDCL_HW_A,45,3,108,4717.0,1,1,1,3,0,0,0,0,1,1,1,3
HDCL_HW_A,45,4,129,13460.0,0,0,0,0,0,0,0,0,0,1,0,1
HDCL_HW_A,45,5,24,8303.0,1,1,1,3,0,0,0,0,1,1,1,3
HDCL_HW_A,45,6,287,10574.0,1,1,1,3,0,0,0,0,1,1,1,3
HDCL_HW_A,45,7,445,3630.0,1,1,1,3,1,0,1,2,1,1,1,3
HDCL_HW_A,45,8,41,7136.0,1,1,1,3,0,0,0,0,1,1,1,3
HDCL_HW_A,45,9,253,5263.0,1,1,1,3,0,0,1,1,1,1,1,3
HDCL_HW_A,45,10,199,2416.0,1,1,1,3,0,0,0,0,1,1,1,3
HDCL_HW_A,45,11,290,1607.0,1,1,1,3,1,1,1,3,1,1,1,3
HDCL_HW_A,45,12,63,2508.0,1,1,1,3,0,0,0,0,1,1,1,3
HDCL_HW_A,45,13,103,2143.0,1,1,1,3,0,0,0,0,1,1,1,3
HDCL_HW_A,45,14,158,1810.5,1,1,1,3,0,0,0,0,1,1,1,3
HDCL_HW_A,45,15,1120,1895.5,1,1,1,3,0,1,0,1,1,1,1,3
HDCL_HW_A,45,16,304,1412.5,1,1,1,3,0,0,1,1,1,1,1,3
HDCL_HW_A,45,17,2982,706.0,1,1,1,3,1,1,1,3,1,1,1,3
HDCL_HW_A,46,0,1341,1664.0,1,1,1,3,0,0,0,0,1,1,1,3
HDCL_HW_A,46,1,316,3335.5,1,1,1,3,0,0,0,0,1,1,1,3
HDCL_HW_A,46,2,1135,2067.0,1,1,1,3,1,1,1,3,1,1,1,3
HDCL_HW_A,46,3,73,4580.0,1,1,1,3,0,0,0,0,1,1,1,3
HDCL_HW_A,46,4,139,3071.0,1,1,1,3,0,0,0,0,1,1,1,3
HDCL_HW_A,46,5,22,5659.0,1,1,1,3,0,0,0,0,1,1,1,3
HDCL_HW_A,46,6,36,7171.0,1,1,1,3,0,0,0,0,1,1,1,3
HDCL_HW_A,46,7,393,8773.0,1,1,1,3,0,0,0,0,1,1,1,3
HDCL_HW_A,46,8,67,5948.0,1,1,1,3,0,0,0,0,1,1,1,3
HDCL_HW_A,46,9,107,3228.0,1,1,1,3,1,1,0,2,1,1,1,3
HDCL_HW_A,46,10,880,2252.0,1,1,1,3,1,1,1,3,1,1,1,3
HDCL_HW_A,46,11,2380,2356.5,1,1,1,3,1,1,1,3,1,1,1,3
HDCL_HW_A,46,12,681,1377.0,1,1,1,3,0,0,0,0,1,1,1,3
HDCL_HW_A,46,13,207,1360.0,1,1,1,3,1,1,1,3,1,1,1,3
HDCL_HW_A,46,14,303,1163.0,1,1,1,3,1,1,1,3,1,1,1,3
HDCL_HW_A,46,15,1693,659.0,1,1,1,3,1,1,1,3,1,1,1,3
HDCL_HW_A,46,16,678,790.0,1,1,1,3,1,1,1,3,1,1,1,3
HDCL_HW_A,47,0,142,3096.5,1,1,1,3,0,0,0,0,1,1,1,3
HDCL_HW_A,47,1,596,9216.5,1,1,1,3,0,0,0,0,1,1,1,3
HDCL_HW_A,47,2,461,5664.0,1,1,1,3,0,0,0,0,1,1,1,3
HDCL_HW_A,47,3,163,8470.0,1,1,1,3,0,0,0,0,1,1,1,3
HDCL_HW_A,47,4,145,2675.0,1,1,1,3,0,0,0,0,1,1,1,3
HDCL_HW_A,47,5,49,3094.0,1,1,1,3,0,0,0,0,1,1,1,3
HDCL_HW_A,47,6,59,2780.0,1,1,1,3,0,0,0,0,1,1,1,3
HDCL_HW_A,47,7,63,5972.0,1,1,1,3,0,0,0,0,1,1,1,3
HDCL_HW_A,47,8,131,5505.0,1,1,1,3,0,0,0,0,1,1,1,3
HDCL_HW_A,47,9,747,1384.0,1,1,1,3,1,1,1,3,1,1,1,3
HDCL_HW_A,47,10,486,1486.0,1,1,1,3,1,1,1,3,1,1,1,3
HDCL_HW_A,47,11,246,1809.5,1,1,1,3,0,0,0,0,1,1,1,3
HDCL_HW_A,47,12,8743,630.0,1,1,1,3,1,1,1,3,1,1,1,3
HDCL_HW_A,48,0,1300,1341.0,1,1,1,3,1,0,0,1,1,1,1,3
HDCL_HW_A,48,1,263,1427.0,1,1,1,3,1,1,1,3,1,1,1,3
HDCL_HW_A,48,2,496,1412.5,1,1,1,3,1,0,0,1,1,1,1,3
HDCL_HW_A,48,3,245,1230.0,1,1,1,3,1,0,0,1,1,1,1,3
HDCL_HW_A,48,4,123,5739.0,1,1,1,3,0,0,0,0,1,1,1,3
HDCL_HW_A,48,5,302,1211.0,1,1,1,3,1,0,1,2,1,1,1,3
HDCL_HW_A,48,6,193,3421.0,1,1,1,3,0,0,0,0,1,1,1,3
HDCL_HW_A,48,7,460,3043.0,1,1,1,3,0,0,1,1,1,1,1,3
HDCL_HW_A,48,8,668,1389.0,1,1,1,3,1,1,1,3,1,1,1,3
HDCL_HW_A,48,9,307,1438.0,1,1,1,3,0,0,1,1,1,1,1,3
HDCL_HW_A,48,10,802,1090.5,1,1,1,3,1,1,1,3,1,1,1,3
HDCL_HW_A,48,11,399,1102.0,1,1,1,3,1,1,1,3,1,1,1,3
HDCL_HW_A,48,12,333,941.0,1,1,1,3,1,1,1,3,1,1,1,3
HDCL_HW_A,49,0,44,5566.5,0,0,1,1,0,0,0,0,0,0,1,1
HDCL_HW_A,49,1,321,3574.0,1,1,1,3,0,0,0,0,1,1,1,3
HDCL_HW_A,49,2,382,3013.0,1,1,1,3,0,0,0,0,1,1,1,3
HDCL_HW_A,49,3,2433,1592.0,1,1,1,3,1,1,1,3,1,1,1,3
HDCL_HW_A,49,4,113,1334.0,1,1,1,3,0,0,0,0,1,1,1,3
HDCL_HW_A,49,5,69,4499.0,1,1,1,3,0,0,0,0,1,1,1,3
HDCL_HW_A,49,6,141,2470.0,1,1,1,3,0,0,0,0,1,1,1,3
HDCL_HW_A,49,7,215,3187.0,1,1,1,3,0,0,0,0,1,1,1,3
HDCL_HW_A,49,8,610,2104.5,1,1,1,3,0,1,1,2,1,1,1,3
HDCL_HW_A,49,9,171,2105.0,1,1,1,3,0,0,0,0,1,1,1,3
HDCL_HW_A,49,10,2356,1248.5,1,1,1,3,1,1,1,3,1,1,1,3
HDCL_HW_A,49,11,292,852.5,1,1,1,3,0,0,0,0,1,1,1,3
HDCL_HW_A,49,12,2051,728.0,1,1,1,3,0,0,1,1,1,1,1,3
HDCL_HW_A,49,13,631,657.0,1,1,1,3,0,0,0,0,1,1,1,3
HDCL_HW_A,49,14,484,642.0,1,1,1,3,0,0,0,0,1,1,1,3
HDCL_HW_A,50,0,129,3917.0,0,0,1,1,0,0,0,0,0,0,1,1
HDCL_HW_A,50,1,14066,1098.5,1,1,1,3,1,1,1,3,1,1,1,3
HDCL_HW_A,50,2,127,4473.0,1,1,1,3,0,0,0,0,1,1,1,3
HDCL_HW_A,50,3,97,3112.0,1,1,1,3,0,0,0,0,1,1,1,3
HDCL_HW_A,50,4,424,3187.0,1,1,1,3,0,0,0,0,1,1,1,3
HDCL_HW_A,50,5,45,4826.0,1,1,1,3,0,0,0,0,1,1,1,3
HDCL_HW_A,50,6,357,3687.0,1,1,1,3,0,0,0,0,1,1,1,3
HDCL_HW_A,50,7,47,5823.0,1,1,1,3,0,0,0,0,1,1,1,3
HDCL_HW_A,50,8,56,3088.0,1,1,1,3,0,0,0,0,1,1,1,3
HDCL_HW_A,50,9,85,4408.0,1,1,1,3,0,0,0,0,1,1,1,3
HDCL_HW_A,50,10,594,2577.0,1,1,1,3,0,0,0,0,1,1,1,3
HDCL_HW_A,50,11,1085,1925.0,1,1,1,3,0,0,0,0,1,1,1,3
HDCL_HW_A,50,12,205,2987.0,1,1,1,3,1,1,0,2,1,1,1,3
HDCL_HW_A,50,13,388,1413.0,1,1,1,3,0,0,1,1,1,1,1,3
HDCL_HW_A,50,14,458,1975.0,1,1,1,3,1,0,1,2,1,1,1,3
HDCL_HW_A,50,15,383,1401.0,1,1,1,3,0,0,0,0,1,1,1,3
HDCL_HW_A,50,16,254,1306.0,1,1,1,3,0,0,0,0,1,1,1,3
HDCL_HW_A,50,17,2108,1095.0,1,1,1,3,1,1,1,3,1,1,1,3
HDCL_HW_A,50,18,710,1099.0,1,1,1,3,1,1,1,3,1,1,1,3
HDCL_HW_A,51,0,11638,2314.5,1,1,1,3,1,1,1,3,1,1,1,3
HDCL_HW_A,51,1,114,3847.5,0,1,1,2,0,0,0,0,0,0,0,0
HDCL_HW_A,51,2,166,3138.5,1,1,1,3,0,0,0,0,1,1,1,3
HDCL_HW_A,51,3,54,2682.0,1,1,1,3,0,0,0,0,1,1,1,3
HDCL_HW_A,51,4,384,3525.0,1,1,1,3,0,0,0,0,1,1,1,3
HDCL_HW_A,51,5,345,2630.0,1,1,1,3,0,0,0,0,1,1,1,3
HDCL_HW_A,51,6,43,5672.0,1,1,1,3,0,0,0,0,1,1,1,3
HDCL_HW_A,51,7,57,2782.0,1,1,1,3,0,0,0,0,1,1,1,3
HDCL_HW_A,51,8,91,3734.0,1,1,1,3,1,0,0,1,1,1,1,3
HDCL_HW_A,51,9,676,2366.0,1,1,1,3,1,0,0,1,1,1,1,3
HDCL_HW_A,51,10,1177,1755.0,1,1,1,3,1,1,1,3,1,1,1,3
HDCL_HW_A,51,11,130,2807.0,1,1,1,3,0,0,0,0,1,1,1,3
HDCL_HW_A,51,12,326,1245.0,1,1,1,3,1,1,1,3,1,1,1,3
HDCL_HW_A,51,13,587,1787.0,1,1,1,3,0,0,0,0,1,1,1,3
HDCL_HW_A,51,14,535,1229.0,1,1,1,3,1,1,1,3,1,1,1,3
HDCL_HW_A,51,15,418,1169.0,1,1,1,3,0,0,0,0,1,1,1,3
HDCL_HW_A,51,16,2526,943.0,1,1,1,3,1,1,1,3,1,1,1,3
HDCL_HW_A,51,17,868,941.0,1,1,1,3,1,1,1,3,1,1,1,3
HDCL_HW_A,52,0,1008,2822.5,0,0,1,1,0,0,0,0,0,0,1,1
HDCL_HW_A,52,1,1111,1627.0,1,1,1,3,0,0,0,0,1,1,1,3
HDCL_HW_A,52,2,246,3209.0,1,1,1,3,0,0,1,1,1,1,1,3
HDCL_HW_A,52,3,300,2315.0,1,1,1,3,0,0,0,0,1,1,1,3
HDCL_HW_A,52,4,166,1895.5,1,1,1,3,0,0,0,0,1,1,1,3
HDCL_HW_A,52,5,704,2597.0,1,1,1,3,1,1,1,3,1,1,1,3
HDCL_HW_A,52,6,497,1835.0,1,1,1,3,0,0,0,0,1,1,1,3
HDCL_HW_A,52,7,95,3095.0,1,1,1,3,0,0,0,0,1,1,1,3
HDCL_HW_A,52,8,87,1656.0,1,1,1,3,0,0,0,0,1,1,1,3
HDCL_HW_A,52,9,165,2700.0,1,1,1,3,0,0,1,1,1,1,1,3
HDCL_HW_A,52,10,160,1927.5,1,1,1,3,0,0,0,0,1,1,1,3
HDCL_HW_A,52,11,970,1557.0,1,1,1,3,1,1,1,3,1,1,1,3
HDCL_HW_A,52,12,350,1489.0,1,1,1,3,1,0,1,2,1,1,1,3
HDCL_HW_A,52,13,212,1644.0,1,1,1,3,0,0,0,0,1,1,1,3
HDCL_HW_A,52,14,310,1831.5,1,1,1,3,0,0,1,1,1,1,1,3
HDCL_HW_A,52,15,3963,952.0,1,1,1,3,1,1,1,3,1,1,1,3
HDCL_HW_A,52,16,1355,985.0,1,1,1,3,1,1,1,3,1,1,1,3
HDCL_HW_A,52,17,155,937.0,1,1,1,3,1,1,1,3,1,1,1,3
HDCL_HW_A,53,0,6009,3348.0,1,1,1,3,0,0,0,0,1,1,1,3
HDCL_HW_A,53,1,263,2762.0,1,1,1,3,0,0,0,0,1,1,1,3
HDCL_HW_A,53,2,325,1920.0,1,1,1,3,1,1,1,3,1,1,1,3
HDCL_HW_A,53,3,112,1595.5,1,1,1,3,0,0,0,0,1,1,1,3
HDCL_HW_A,53,4,775,1498.0,1,1,1,3,0,0,0,0,1,1,1,3
HDCL_HW_A,53,5,1038,2080.5,1,1,1,3,1,1,1,3,1,1,1,3
HDCL_HW_A,53,6,107,1373.0,1,1,1,3,0,0,0,0,1,1,1,3
HDCL_HW_A,53,7,92,2356.5,1,1,1,3,0,0,1,1,1,1,1,3
HDCL_HW_A,53,8,213,1501.0,1,1,1,3,1,1,1,3,1,1,1,3
HDCL_HW_A,53,9,195,1999.0,1,1,1,3,0,0,0,0,1,1,1,3
HDCL_HW_A,53,10,1561,1156.0,1,1,1,3,1,1,1,3,1,1,1,3
HDCL_HW_A,53,11,339,1146.0,1,1,1,3,1,1,1,3,1,1,1,3
HDCL_HW_A,53,12,340,1213.5,1,1,1,3,0,0,0,0,1,1,1,3
HDCL_HW_A,53,13,247,1044.0,1,1,1,3,1,1,1,3,1,1,1,3
HDCL_HW_A,53,14,251,1310.0,1,1,1,3,0,0,0,0,1,1,1,3
HDCL_HW_A,54,0,701,1012.0,1,1,1,3,1,1,1,3,1,1,1,3
HDCL_HW_A,54,1,508,875.0,1,1,1,3,1,1,1,3,1,1,1,3
HDCL_HW_A,54,2,11824,509.0,1,1,1,3,1,1,1,3,1,1,1,3
HDCL_HW_A,55,0,27,18883.0,0,0,0,0,0,0,0,0,1,0,0,1
HDCL_HW_A,55,1,56,16429.0,1,1,1,3,0,0,0,0,1,1,1,3
HDCL_HW_A,55,2,91,5351.0,1,1,1,3,0,0,0,0,1,1,1,3
HDCL_HW_A,55,3,311,3804.0,1,1,1,3,1,0,0,1,1,1,1,3
HDCL_HW_A,55,4,44,12965.0,0,0,0,0,0,0,0,0,0,0,0,0
HDCL_HW_A,55,5,40,9249.0,1,1,1,3,0,0,0,0,1,1,1,3
HDCL_HW_A,55,6,69,14089.0,1,1,1,3,0,0,0,0,1,1,1,3
HDCL_HW_A,55,7,26,30577.5,1,1,1,3,0,0,0,0,1,1,1,3
HDCL_HW_A,55,8,234,5054.5,1,1,1,3,1,1,1,3,1,1,1,3
HDCL_HW_A,55,9,24,11529.5,0,1,1,2,0,0,0,0,0,1,1,2
HDCL_HW_A,55,10,79,4973.0,1,1,1,3,1,0,1,2,1,1,1,3
HDCL_HW_A,55,11,33,5960.0,0,0,1,1,0,0,0,0,1,1,1,3
HDCL_HW_A,55,12,598,1425.0,1,1,1,3,1,1,1,3,1,1,1,3
HDCL_HW_A,55,13,649,2271.0,1,1,1,3,1,1,1,3,1,1,1,3
HDCL_HW_A,55,14,125,1532.0,1,1,1,3,0,0,0,0,1,1,1,3
HDCL_HW_A,55,15,114,2071.0,1,1,1,3,0,0,0,0,1,1,1,3
HDCL_HW_A,55,16,242,2005.0,1,1,1,3,0,0,0,0,1,1,1,3
HDCL_HW_A,55,17,101,1912.0,0,0,1,1,0,0,0,0,1,1,1,3
HDCL_HW_A,55,18,2104,1361.0,1,1,1,3,1,1,1,3,1,1,1,3
HDCL_HW_A,55,19,492,908.0,1,1,1,3,1,1,1,3,1,1,1,3
HDCL_HW_A,55,20,295,946.0,1,1,1,3,1,1,1,3,1,1,1,3
HDCL_HW_A,55,21,482,774.0,1,1,1,3,1,1,1,3,1,1,1,3
HDCL_HW_A,55,22,2638,753.0,1,1,1,3,1,1,1,3,1,1,1,3
HDCL_HW_A,55,23,650,837.5,1,1,1,3,1,1,1,3,1,1,1,3
HDCL_HW_A,55,24,611,699.0,1,1,1,3,1,1,1,3,1,1,1,3
HDCL_HW_A,55,25,1116,668.0,1,1,1,3,1,1,1,3,1,1,1,3
HDCL_HW_A,55,26,566,653.0,1,1,1,3,1,0,1,2,1,1,1,3
HDCL_HW_A,55,27,1034,535.0,1,1,1,3,1,1,1,3,1,1,1,3
HDCL_HW_A,55,28,312,670.0,1,1,1,3,0,0,0,0,1,1,1,3
HDCL_HW_A,56,0,61,14384.0,1,1,1,3,0,0,0,0,1,1,1,3
HDCL_HW_A,56,1,215,4626.0,1,1,1,3,0,0,0,0,1,1,1,3
HDCL_HW_A,56,2,57,12415.0,1,1,1,3,0,0,0,0,1,1,1,3
HDCL_HW_A,56,3,92,13515.5,1,1,1,3,0,0,0,0,1,1,1,3
HDCL_HW_A,56,4,368,3064.0,1,1,1,3,1,1,1,3,1,1,1,3
HDCL_HW_A,56,5,266,4834.5,1,1,1,3,1,1,1,3,1,1,1,3
HDCL_HW_A,56,6,41,6082.0,1,1,1,3,0,0,0,0,1,1,1,3
HDCL_HW_A,56,7,76,4292.5,1,1,1,3,0,0,0,0,1,1,1,3
HDCL_HW_A,56,8,36,4577.5,0,0,1,1,0,0,0,0,0,1,1,2
HDCL_HW_A,56,9,973,1951.0,1,1,1,3,0,0,0,0,1,1,1,3
HDCL_HW_A,56,10,1300,974.0,1,1,1,3,1,1,1,3,1,1,1,3
HDCL_HW_A,56,11,167,1784.0,1,1,1,3,0,0,0,0,1,1,1,3
HDCL_HW_A,56,12,115,1058.0,1,1,1,3,0,0,0,0,1,1,1,3
HDCL_HW_A,56,13,239,1702.0,1,1,1,3,0,0,0,0,1,1,1,3
HDCL_HW_A,56,14,96,1717.5,0,0,0,0,0,0,0,0,1,0,1,2
HDCL_HW_A,56,15,3508,1084.0,1,1,1,3,1,1,1,3,1,1,1,3
HDCL_HW_A,56,16,673,616.0,1,1,1,3,1,1,1,3,1,1,1,3
HDCL_HW_A,56,17,1304,560.0,1,1,1,3,1,1,1,3,1,1,1,3
HDCL_HW_A,57,0,67,13125.0,0,1,1,2,0,0,0,0,1,1,1,3
HDCL_HW_A,57,1,151,4406.0,1,1,1,3,0,0,0,0,1,1,1,3
HDCL_HW_A,57,2,58,13309.0,1,1,1,3,0,0,0,0,1,1,1,3
HDCL_HW_A,57,3,106,9848.0,1,1,1,3,0,0,0,0,1,1,1,3
HDCL_HW_A,57,4,477,2699.0,1,1,1,3,0,0,0,0,1,1,1,3
HDCL_HW_A,57,5,280,4266.0,1,1,1,3,1,1,1,3,1,1,1,3
HDCL_HW_A,57,6,30,6029.0,1,1,1,3,0,0,0,0,1,1,1,3
HDCL_HW_A,57,7,81,3670.0,1,1,1,3,0,0,0,0,1,1,1,3
HDCL_HW_A,57,8,31,3972.0,1,1,1,3,0,0,0,0,1,1,1,3
HDCL_HW_A,57,9,244,1730.0,1,1,1,3,0,0,0,0,1,1,1,3
HDCL_HW_A,57,10,717,1668.0,1,1,1,3,0,0,0,0,1,1,1,3
HDCL_HW_A,57,11,195,1480.0,1,1,1,3,0,0,0,0,1,1,1,3
HDCL_HW_A,57,12,320,1416.0,1,1,1,3,1,1,1,3,1,1,1,3
HDCL_HW_A,57,13,317,748.0,1,1,1,3,0,0,0,0,1,1,1,3
HDCL_HW_A,57,14,131,1473.0,0,1,1,2,0,0,0,0,1,1,1,3
HDCL_HW_A,57,15,499,682.0,1,1,1,3,0,0,0,0,1,1,1,3
HDCL_HW_A,57,16,7428,826.0,1,1,1,3,1,1,1,3,1,1,1,3
HDCL_HW_A,58,0,119,8093.0,1,1,1,3,0,0,0,0,1,1,1,3
HDCL_HW_A,58,1,78,14444.0,1,1,1,3,0,0,0,0,1,1,1,3
HDCL_HW_A,58,2,227,3634.0,1,1,1,3,0,0,0,0,1,1,1,3
HDCL_HW_A,58,3,770,2099.0,1,1,1,3,0,0,0,0,1,1,1,3
HDCL_HW_A,58,4,351,3617.0,1,1,1,3,0,0,0,0,1,1,1,3
HDCL_HW_A,58,5,43,2915.0,1,1,1,3,0,0,0,0,1,1,1,3
HDCL_HW_A,58,6,172,2801.0,1,1,1,3,0,0,0,0,1,1,1,3
HDCL_HW_A,58,7,29,2785.0,1,1,1,3,0,0,0,0,1,1,1,3
HDCL_HW_A,58,8,386,1264.0,1,1,1,3,1,1,1,3,1,1,1,3
HDCL_HW_A,58,9,1173,1262.0,1,1,1,3,1,1,1,3,1,1,1,3
HDCL_HW_A,58,10,285,1048.0,1,1,1,3,1,1,1,3,1,1,1,3
HDCL_HW_A,58,11,346,1078.5,1,1,1,3,0,0,0,0,1,1,1,3
HDCL_HW_A,58,12,626,1023.0,1,1,1,3,1,1,1,3,1,1,1,3
HDCL_HW_A,58,13,374,1095.0,1,1,1,3,0,0,0,0,1,1,1,3
HDCL_HW_A,59,0,41,13552.0,1,1,0,2,0,0,0,0,0,1,1,2
HDCL_HW_A,59,1,163,9830.0,1,1,1,3,0,0,0,0,1,1,1,3
HDCL_HW_A,59,2,176,5484.0,1,1,1,3,0,0,0,0,0,1,1,2
HDCL_HW_A,59,3,119,5473.0,1,1,1,3,1,1,0,2,1,1,1,3
HDCL_HW_A,59,4,134,3650.0,1,1,1,3,0,0,1,1,1,1,1,3
HDCL_HW_A,59,5,48,5748.0,1,1,1,3,0,0,0,0,1,1,1,3
HDCL_HW_A,59,6,493,1773.0,1,1,1,3,0,0,0,0,1,1,1,3
HDCL_HW_A,59,7,878,2156.0,1,1,1,3,1,1,1,3,1,1,1,3
HDCL_HW_A,59,8,3884,905.0,1,1,1,3,1,1,1,3,1,1,1,3
HDCL_HW_A,59,9,61,1642.0,1,1,1,3,0,0,0,0,1,1,1,3
HDCL_HW_A,59,10,447,1025.0,1,1,1,3,0,0,0,0,1,1,1,3
HDCL_HW_A,59,11,481,1553.0,1,1,1,3,0,0,0,0,1,1,1,3
HDCL_HW_A,59,12,78,1430.0,1,1,1,3,0,0,0,0,1,1,1,3
HDCL_HW_A,59,13,641,754.0,1,1,1,3,0,0,0,0,1,1,1,3
HDCL_HW_A,60,0,269,4582.0,1,1,1,3,0,0,0,0,1,1,1,3
HDCL_HW_A,60,1,129,8118.0,1,1,1,3,0,0,0,0,1,1,1,3
HDCL_HW_A,60,2,337,7653.0,1,0,0,1,0,0,0,0,1,0,1,2
HDCL_HW_A,60,3,43,8633.0,1,1,1,3,0,0,0,0,1,1,1,3
HDCL_HW_A,60,4,164,4027.0,1,1,1,3,1,1,1,3,1,1,1,3
HDCL_HW_A,60,5,59,3586.0,1,1,1,3,0,0,0,0,1,1,1,3
HDCL_HW_A,60,6,209,2345.0,1,1,1,3,1,0,1,2,1,1,1,3
HDCL_HW_A,60,7,1286,1025.0,1,1,1,3,1,1,1,3,1,1,1,3
HDCL_HW_A,60,8,2648,1310.0,1,1,1,3,1,1,1,3,1,1,1,3
HDCL_HW_A,60,9,235,832.0,1,1,1,3,0,0,0,0,1,1,1,3
HDCL_HW_A,60,10,2326,729.0,1,1,1,3,1,0,1,2,1,1,1,3
HDCL_HW_A,61,0,785,1908.0,1,1,1,3,0,0,0,0,1,1,1,3
HDCL_HW_A,61,1,65,7980.0,1,1,1,3,0,0,0,0,1,1,1,3
HDCL_HW_A,61,2,161,2983.0,0,1,1,2,0,0,0,0,1,1,1,3
HDCL_HW_A,61,3,41,8172.0,1,1,1,3,0,0,0,0,1,1,1,3
HDCL_HW_A,61,4,108,5121.5,1,1,1,3,0,0,0,0,1,1,1,3
HDCL_HW_A,61,5,589,6513.0,1,1,1,3,0,0,0,0,1,1,1,3
HDCL_HW_A,61,6,80,5642.0,1,1,1,3,0,0,0,0,1,1,1,3
HDCL_HW_A,61,7,79,6783.0,0,1,1,2,0,0,0,0,0,1,1,2
HDCL_HW_A,61,8,111,2151.0,1,1,1,3,0,0,0,0,1,1,1,3
HDCL_HW_A,61,9,162,1827.0,1,1,1,3,0,0,0,0,1,1,1,3
HDCL_HW_A,61,10,131,4079.5,0,1,1,2,0,0,0,0,1,1,1,3
HDCL_HW_A,61,11,192,1628.5,1,1,1,3,0,0,0,0,1,1,1,3
HDCL_HW_A,61,12,212,3475.5,1,1,1,3,0,0,0,0,1,1,1,3
HDCL_HW_A,61,13,305,2921.0,1,1,1,3,0,0,0,0,1,1,1,3
HDCL_HW_A,61,14,379,1782.0,1,1,1,3,0,0,0,0,1,1,1,3
HDCL_HW_A,61,15,5390,672.0,1,1,1,3,1,1,1,3,1,1,1,3
HDCL_HW_A,61,16,1131,1741.0,1,1,1,3,0,0,0,0,1,1,1,3
HDCL_HW_A,61,17,1392,1231.0,1,1,1,3,1,1,1,3,1,1,1,3
HDCL_HW_A,61,18,2798,1037.0,1,1,1,3,1,1,1,3,1,1,1,3
HDCL_HW_A,62,0,817,1885.0,1,1,1,3,0,0,0,0,1,1,1,3
HDCL_HW_A,62,1,54,7981.0,1,1,1,3,0,0,0,0,1,1,1,3
HDCL_HW_A,62,2,137,2996.0,0,1,1,2,0,0,0,0,1,1,1,3
HDCL_HW_A,62,3,34,8188.5,1,1,1,3,0,0,0,0,1,1,1,3
HDCL_HW_A,62,4,118,5062.5,1,1,1,3,0,0,0,0,1,1,1,3
HDCL_HW_A,62,5,526,6698.0,1,1,1,3,0,0,0,0,1,1,1,3
HDCL_HW_A,62,6,91,5566.0,1,1,1,3,0,0,0,0,1,1,1,3
HDCL_HW_A,62,7,63,6984.0,0,1,1,2,0,0,0,0,1,1,1,3
HDCL_HW_A,62,8,139,2131.0,1,1,1,3,0,0,0,0,1,1,1,3
HDCL_HW_A,62,9,165,1793.0,1,1,1,3,0,0,0,0,1,1,1,3
HDCL_HW_A,62,10,144,2393.0,0,1,1,2,0,0,0,0,0,1,1,2
HDCL_HW_A,62,11,23,6547.0,0,0,1,1,0,0,0,0,1,1,0,2
HDCL_HW_A,62,12,204,1597.0,1,1,1,3,1,1,1,3,1,1,1,3
HDCL_HW_A,62,13,196,3338.5,1,1,1,3,0,0,0,0,1,1,1,3
HDCL_HW_A,62,14,370,2861.0,1,1,1,3,0,0,0,0,1,1,1,3
HDCL_HW_A,62,15,406,1765.0,1,1,1,3,0,0,0,0,1,1,1,3
HDCL_HW_A,62,16,1015,1745.0,1,1,1,3,0,0,0,0,1,1,1,3
HDCL_HW_A,62,17,1568,1224.0,1,1,1,3,1,1,1,3,1,1,1,3
HDCL_HW_A,62,18,4617,665.0,1,1,1,3,1,1,1,3,1,1,1,3
HDCL_HW_A,62,19,3288,1013.5,1,1,1,3,1,1,1,3,1,1,1,3
HDCL_HW_A,63,0,72,6785.5,1,1,1,3,0,0,0,0,1,1,1,3
HDCL_HW_A,63,1,94,5732.5,1,1,1,3,0,0,0,0,1,1,1,3
HDCL_HW_A,63,2,21,6297.0,1,1,1,3,0,0,0,0,1,1,0,2
HDCL_HW_A,63,3,64,2664.5,1,1,1,3,0,0,0,0,1,1,1,3
HDCL_HW_A,63,4,333,1926.0,1,1,1,3,0,0,0,0,1,1,1,3
HDCL_HW_A,63,5,100,970.5,1,1,1,3,0,0,0,0,1,1,1,3
HDCL_HW_A,63,6,106,2953.5,1,1,1,3,0,0,0,0,1,1,1,3
HDCL_HW_A,63,7,224,1143.5,1,1,1,3,0,1,0,1,1,1,1,3
HDCL_HW_A,63,8,396,3065.0,1,1,1,3,0,0,0,0,1,1,1,3
HDCL_HW_A,63,9,695,1480.0,1,1,1,3,1,1,1,3,1,1,1,3
HDCL_HW_A,63,10,573,1067.0,1,1,1,3,1,1,1,3,1,1,1,3
HDCL_HW_A,63,11,293,801.0,1,1,1,3,0,0,0,0,1,1,1,3
HDCL_HW_A,63,12,1842,1253.0,1,1,1,3,1,1,1,3,1,1,1,3
HDCL_HW_A,64,0,97,4538.0,1,1,1,3,0,0,1,1,1,1,1,3
HDCL_HW_A,64,1,56,6097.0,1,1,1,3,0,0,0,0,1,1,1,3
HDCL_HW_A,64,2,54,5100.0,1,1,1,3,0,0,0,0,1,1,1,3
HDCL_HW_A,64,3,535,4274.0,1,1,1,3,0,1,0,1,1,1,1,3
HDCL_HW_A,64,4,460,1637.0,1,1,1,3,0,0,0,0,1,1,1,3
HDCL_HW_A,64,5,58,2606.0,1,1,1,3,0,0,0,0,1,1,1,3
HDCL_HW_A,64,6,117,2297.0,1,1,1,3,0,0,0,0,1,1,1,3
HDCL_HW_A,64,7,117,2406.0,1,1,1,3,0,0,0,0,1,1,1,3
HDCL_HW_A,64,8,621,2958.0,1,1,1,3,0,0,0,0,1,1,1,3
HDCL_HW_A,64,9,960,767.0,1,1,1,3,1,1,1,3,1,1,1,3
HDCL_HW_A,64,10,1211,1156.0,1,1,1,3,1,1,1,3,1,1,1,3
HDCL_HW_A,64,11,3674,945.0,1,1,1,3,1,1,1,3,1,1,1,3
HDCL_HW_A,65,0,1525,2383.0,1,1,1,3,1,1,1,3,1,1,1,3
HDCL_HW_A,65,1,94,4371.5,1,1,1,3,0,0,0,0,1,1,1,3
HDCL_HW_A,65,2,201,3066.0,1,1,1,3,0,0,0,0,1,1,1,3
HDCL_HW_A,65,3,38,3639.0,1,1,1,3,0,0,0,0,1,1,1,3
HDCL_HW_A,65,4,1138,2788.0,1,1,1,3,1,1,0,2,1,1,1,3
HDCL_HW_A,65,5,54,4061.0,1,1,1,3,0,0,0,0,1,1,1,3
HDCL_HW_A,65,6,140,1451.5,1,1,1,3,0,0,1,1,1,1,1,3
HDCL_HW_A,65,7,386,1182.0,1,1,1,3,1,0,1,2,1,1,1,3
HDCL_HW_A,65,8,432,1235.5,1,1,1,3,0,0,0,0,1,1,1,3
HDCL_HW_A,65,9,2030,1384.5,1,1,1,3,0,0,0,0,1,1,1,3
HDCL_HW_A,66,0,1920,2145.0,1,1,1,3,1,1,1,3,1,1,1,3
HDCL_HW_A,66,1,111,4394.0,1,1,1,3,1,0,0,1,1,1,1,3
HDCL_HW_A,66,2,218,2856.0,1,1,1,3,1,1,1,3,1,1,1,3
HDCL_HW_A,66,3,97,4060.0,1,1,1,3,0,0,0,0,1,1,1,3
HDCL_HW_A,66,4,54,3413.0,1,1,1,3,0,0,0,0,1,1,1,3
HDCL_HW_A,66,5,100,3228.5,1,1,1,3,0,0,0,0,1,1,1,3
HDCL_HW_A,66,6,869,2387.0,1,1,1,3,0,0,0,0,1,1,1,3
HDCL_HW_A,66,7,203,2760.0,1,1,1,3,0,0,0,0,1,1,1,3
HDCL_HW_A,66,8,40,3077.0,1,1,1,3,0,0,0,0,1,1,1,3
HDCL_HW_A,66,9,222,1169.0,1,1,1,3,1,1,1,3,1,1,1,3
HDCL_HW_A,66,10,1440,1760.0,1,1,1,3,0,0,0,0,1,1,1,3
HDCL_HW_A,66,11,712,983.0,1,1,1,3,1,1,1,3,1,1,1,3
HDCL_HW_A,66,12,595,932.0,1,1,1,3,1,1,1,3,1,1,1,3
HDCL_HW_A,66,13,3242,1159.0,1,1,1,3,0,0,0,0,1,1,1,3
HDCL_HW_A,67,0,254,2168.0,1,1,1,3,1,1,1,3,1,1,1,3
HDCL_HW_A,67,1,411,1898.0,1,1,1,3,0,0,0,0,1,1,1,3
HDCL_HW_A,67,2,182,4247.5,1,1,1,3,0,0,0,0,1,1,1,3
HDCL_HW_A,67,3,1268,1101.0,1,1,1,3,1,1,1,3,1,1,1,3
HDCL_HW_A,67,4,364,1397.5,1,1,1,3,1,0,0,1,1,1,1,3
HDCL_HW_A,67,5,355,950.0,1,1,1,3,1,0,0,1,1,1,1,3
HDCL_HW_A,67,6,809,1177.0,1,1,1,3,1,1,1,3,1,1,1,3
HDCL_HW_A,67,7,266,1126.5,1,1,1,3,1,1,1,3,1,1,1,3
HDCL_HW_A,67,8,159,1239.0,1,1,1,3,0,0,0,0,1,1,1,3
HDCL_HW_A,67,9,5601,735.0,1,1,1,3,1,1,1,3,1,1,1,3
HDCL_HW_A,67,10,7444,550.0,1,1,1,3,1,1,1,3,1,1,1,3
HDCL_HW_A,68,0,315,1013.0,1,1,1,3,0,0,0,0,1,1,1,3
HDCL_HW_A,68,1,648,1431.0,1,1,1,3,0,0,0,0,1,1,1,3
HDCL_HW_A,68,2,276,1008.0,1,1,1,3,1,1,1,3,1,1,1,3
HDCL_HW_A,68,3,792,1007.0,1,1,1,3,1,1,1,3,1,1,1,3
HDCL_HW_A,68,4,3968,659.0,1,1,1,3,1,1,1,3,1,1,1,3
HDCL_HW_A,68,5,512,868.0,1,1,1,3,1,1,1,3,1,1,1,3
HDCL_HW_A,68,6,434,861.5,1,1,1,3,1,1,1,3,1,1,1,3
HDCL_HW_A,68,7,1292,755.0,1,1,1,3,1,1,1,3,1,1,1,3
HDCL_HW_A,68,8,544,716.0,1,1,1,3,1,1,1,3,1,1,1,3
HDCL_HW_A,68,9,1202,522.0,1,1,1,3,1,1,1,3,1,1,1,3
HDCL_HW_A,69,0,1043,1040.0,1,1,1,3,1,1,1,3,1,1,1,3
HDCL_HW_A,69,1,2108,883.0,1,1,1,3,0,0,0,0,1,1,1,3
HDCL_HW_A,70,0,1259,999.0,1,1,1,3,1,1,1,3,1,1,1,3
HDCL_HW_A,70,1,1915,874.0,1,1,1,3,1,1,1,3,1,1,1,3
HDCL_HW_A,71,0,1726,935.5,1,1,1,3,0,0,0,0,1,1,1,3
HDCL_HW_A,71,1,337,872.0,1,1,1,3,1,1,1,3,1,1,1,3
HDCL_HW_A,71,2,685,794.0,1,1,1,3,1,1,1,3,1,1,1,3
HDCL_HW_A,71,3,1030,853.0,1,1,1,3,1,1,1,3,1,1,1,3
HDCL_HW_A,71,4,1623,695.0,1,1,1,3,1,1,1,3,1,1,1,3
HDCL_HW_A,71,5,1521,712.0,1,1,1,3,1,1,1,3,1,1,1,3
HDCL_HW_A,71,6,899,607.0,1,1,1,3,1,1,1,3,1,1,1,3
HDCL_HW_A,71,7,739,606.0,1,1,1,3,0,0,1,1,1,1,1,3
HDCL_HW_A,72,0,272,934.0,1,1,1,3,1,1,1,3,1,1,1,3
HDCL_HW_A,72,1,580,844.0,1,1,1,3,1,1,1,3,1,1,1,3
HDCL_HW_A,72,2,1358,755.0,1,1,1,3,1,1,1,3,1,1,1,3
HDCL_HW_A,72,3,2025,901.0,1,1,1,3,0,0,0,0,1,1,1,3
HDCL_HW_A,72,4,664,662.0,1,1,1,3,1,1,1,3,1,1,1,3
HDCL_HW_A,72,5,1492,730.0,1,1,1,3,1,1,1,3,1,1,1,3
HDCL_HW_A,72,6,718,617.0,1,1,1,3,1,1,1,3,1,1,1,3
HDCL_HW_A,72,7,108,784.0,1,1,1,3,0,0,0,0,1,1,1,3
HDCL_HW_A,73,0,226,3042.0,0,0,1,1,0,0,0,0,1,0,1,2
HDCL_HW_A,73,1,129,4713.0,0,1,0,1,0,0,0,0,0,1,0,1
HDCL_HW_A,73,2,335,4502.0,1,1,1,3,0,0,0,0,1,1,1,3
HDCL_HW_A,73,3,142,3233.0,1,1,1,3,0,0,0,0,1,1,1,3
HDCL_HW_A,73,4,150,2648.0,1,1,1,3,0,0,0,0,1,1,1,3
HDCL_HW_A,73,5,170,1619.5,1,1,1,3,0,0,0,0,1,1,1,3
HDCL_HW_A,73,6,650,2671.0,1,1,1,3,1,1,1,3,1,1,1,3
HDCL_HW_A,73,7,244,1400.0,1,1,1,3,1,1,1,3,1,1,1,3
HDCL_HW_A,73,8,278,1424.0,1,1,1,3,1,1,1,3,1,1,1,3
HDCL_HW_A,73,9,205,1207.0,1,1,1,3,1,1,1,3,1,1,1,3
HDCL_HW_A,73,10,1758,1539.0,1,1,1,3,1,1,1,3,1,1,1,3
HDCL_HW_A,73,11,7407,1044.0,1,1,1,3,1,1,1,3,1,1,1,3
HDCL_HW_A,74,0,287,14267.0,1,1,0,2,0,0,0,0,1,1,0,2
HDCL_HW_A,74,1,54,14016.0,1,1,1,3,0,0,0,0,1,1,1,3
HDCL_HW_A,74,2,89,8493.0,1,1,1,3,0,0,0,0,0,1,1,2
HDCL_HW_A,74,3,44,7432.0,1,1,1,3,0,0,0,0,1,1,1,3
HDCL_HW_A,74,4,36,6843.5,1,1,1,3,0,0,0,0,1,1,1,3
HDCL_HW_A,74,5,64,6430.5,1,1,1,3,0,0,0,0,1,1,1,3
HDCL_HW_A,74,6,129,4224.0,1,1,1,3,1,1,1,3,1,1,1,3
HDCL_HW_A,74,7,515,2772.0,1,1,1,3,1,1,1,3,1,1,1,3
HDCL_HW_A,74,8,196,3654.5,1,1,1,3,0,0,0,0,1,1,1,3
HDCL_HW_A,74,9,1907,1381.0,1,1,1,3,0,0,0,0,1,1,1,3
HDCL_HW_A,74,10,129,1777.0,1,1,1,3,0,0,0,0,1,1,1,3
HDCL_HW_A,74,11,1060,2320.0,1,1,1,3,1,1,1,3,1,1,1,3
HDCL_HW_A,74,12,195,1559.0,1,1,1,3,0,0,0,0,1,1,1,3
HDCL_HW_A,74,13,509,1639.0,1,1,1,3,0,0,0,0,1,1,1,3
HDCL_HW_A,74,14,1321,1721.0,1,1,1,3,0,0,0,0,1,1,1,3
HDCL_HW_A,74,15,363,1139.0,1,1,1,3,0,0,1,1,1,1,1,3
HDCL_HW_A,74,16,549,801.0,1,1,1,3,1,1,1,3,1,1,1,3
HDCL_HW_A,74,17,899,862.0,1,1,1,3,1,1,1,3,1,1,1,3
HDCL_HW_A,75,0,5663,2151.0,1,1,1,3,1,1,1,3,1,1,1,3
HDCL_HW_A,75,1,275,5973.0,1,1,1,3,0,0,0,0,1,1,1,3
HDCL_HW_A,75,2,155,5855.0,1,1,1,3,0,0,0,0,1,1,1,3
HDCL_HW_A,75,3,103,7484.0,1,1,1,3,0,0,0,0,1,1,1,3
HDCL_HW_A,75,4,1657,1729.0,1,1,1,3,1,1,1,3,1,1,1,3
HDCL_HW_A,75,5,71,3090.0,1,1,1,3,1,1,1,3,1,1,1,3
HDCL_HW_A,75,6,78,2756.5,1,1,1,3,0,0,0,0,1,1,1,3
HDCL_HW_A,75,7,153,2558.0,1,1,1,3,0,0,1,1,1,1,1,3
HDCL_HW_A,75,8,188,2707.5,1,1,1,3,1,0,1,2,1,1,1,3
HDCL_HW_A,75,9,668,1369.0,1,1,1,3,1,1,1,3,1,1,1,3
HDCL_HW_A,75,10,1362,1181.0,1,1,1,3,1,1,1,3,1,1,1,3
HDCL_HW_A,75,11,9145,514.0,1,1,1,3,1,1,1,3,1,1,1,3
HDCL_HW_A,76,0,2823,2139.0,1,1,1,3,0,0,0,0,1,0,0,1
HDCL_HW_A,76,1,331,2738.0,1,1,1,3,0,0,0,0,1,1,1,3
HDCL_HW_A,76,2,515,4842.0,1,1,1,3,0,0,0,0,1,1,1,3
HDCL_HW_A,76,3,138,3413.5,1,1,1,3,0,0,0,0,1,1,1,3
HDCL_HW_A,76,4,2654,1354.0,1,1,1,3,1,1,1,3,1,1,1,3
HDCL_HW_A,76,5,79,3066.0,1,1,1,3,0,0,0,0,1,1,1,3
HDCL_HW_A,76,6,113,2253.0,1,1,1,3,0,0,0,0,1,1,1,3
HDCL_HW_A,76,7,264,2137.5,1,1,1,3,0,0,0,0,1,1,1,3
HDCL_HW_A,76,8,295,2395.0,1,1,1,3,0,0,1,1,1,1,1,3
HDCL_HW_A,76,9,313,2274.0,1,1,1,3,0,0,0,0,1,1,1,3
HDCL_HW_A,76,10,76,2098.5,1,1,1,3,0,0,0,0,1,1,1,3
HDCL_HW_A,76,11,980,1044.0,1,1,1,3,1,1,1,3,1,1,1,3
HDCL_HW_A,76,12,2671,862.0,1,1,1,3,1,1,1,3,1,1,1,3
HDCL_HW_A,77,0,171,8323.0,1,1,1,3,0,0,0,0,1,1,1,3
HDCL_HW_A,77,1,45,10710.0,1,1,1,3,0,0,0,0,1,1,1,3
HDCL_HW_A,77,2,862,6208.5,1,1,1,3,0,0,1,1,1,1,1,3
HDCL_HW_A,77,3,62,8141.0,1,1,1,3,0,0,0,0,1,1,1,3
HDCL_HW_A,77,4,75,7584.0,1,1,1,3,0,0,0,0,1,1,1,3
HDCL_HW_A,77,5,400,3504.0,1,1,1,3,1,1,1,3,1,1,1,3
HDCL_HW_A,77,6,31,11147.0,0,0,0,0,0,0,0,0,0,0,0,0
HDCL_HW_A,77,7,377,2472.0,1,1,1,3,0,0,0,0,1,1,1,3
HDCL_HW_A,77,8,245,3114.0,1,1,1,3,0,0,0,0,1,1,1,3
HDCL_HW_A,77,9,774,2689.0,1,1,1,3,0,0,0,0,1,1,1,3
HDCL_HW_A,77,10,903,1377.0,1,1,1,3,1,1,1,3,1,1,1,3
HDCL_HW_A,77,11,701,824.0,1,1,1,3,1,1,1,3,1,1,1,3
HDCL_HW_A,78,0,32,7487.0,1,1,1,3,0,0,0,0,1,1,1,3
HDCL_HW_A,78,1,454,5261.5,1,1,1,3,0,0,0,0,1,1,1,3
HDCL_HW_A,78,2,64,5520.0,1,1,1,3,0,0,0,0,1,1,1,3
HDCL_HW_A,78,3,74,6735.0,1,1,1,3,0,0,0,0,1,1,1,3
HDCL_HW_A,78,4,173,4911.0,1,1,1,3,0,0,0,0,1,1,1,3
HDCL_HW_A,78,5,161,5460.0,1,1,1,3,0,0,0,0,1,1,1,3
HDCL_HW_A,78,6,33,7828.0,0,0,0,0,0,0,0,0,0,0,0,0
HDCL_HW_A,78,7,317,4222.0,1,1,1,3,0,0,0,0,1,1,1,3
HDCL_HW_A,78,8,608,2987.5,1,1,1,3,1,1,1,3,1,1,1,3
HDCL_HW_A,78,9,72,5815.5,1,1,1,3,0,0,0,0,1,1,1,3
HDCL_HW_A,78,10,1087,1851.0,1,1,1,3,1,1,1,3,1,1,1,3
HDCL_HW_A,78,11,80,1630.0,1,1,1,3,0,0,0,0,1,1,1,3
HDCL_HW_A,78,12,740,1021.0,1,1,1,3,1,1,1,3,1,1,1,3
HDCL_HW_A,78,13,666,1468.0,1,1,1,3,1,1,1,3,1,1,1,3
HDCL_HW_A,78,14,144,1395.0,1,1,1,3,0,0,0,0,1,1,1,3
HDCL_HW_A,78,15,7545,884.0,1,1,1,3,1,1,1,3,1,1,1,3
HDCL_HW_A,79,0,59,4590.0,1,1,1,3,0,0,0,0,1,1,1,3
HDCL_HW_A,79,1,51,8697.0,1,1,1,3,0,0,0,0,1,1,1,3
HDCL_HW_A,79,2,138,3210.5,1,1,1,3,0,0,0,0,1,1,1,3
HDCL_HW_A,79,3,275,4089.0,1,1,1,3,0,0,0,0,1,1,1,3
HDCL_HW_A,79,4,80,4773.0,1,1,1,3,0,0,0,0,1,1,1,3
HDCL_HW_A,79,5,499,2219.0,1,1,1,3,0,0,0,0,1,1,1,3
HDCL_HW_A,79,6,448,2880.5,1,1,1,3,0,0,0,0,1,1,1,3
HDCL_HW_A,79,7,47,3230.0,1,1,1,3,0,0,0,0,1,1,1,3
HDCL_HW_A,79,8,63,3649.0,1,1,1,3,0,0,0,0,1,1,1,3
HDCL_HW_A,79,9,246,3571.0,1,1,1,3,0,0,0,0,1,1,1,3
HDCL_HW_A,79,10,34,4654.5,1,1,1,3,0,0,0,0,1,1,1,3
HDCL_HW_A,79,11,637,2256.0,1,1,1,3,0,0,0,0,1,1,1,3
HDCL_HW_A,79,12,1189,1377.0,1,1,1,3,1,1,1,3,1,1,1,3
HDCL_HW_A,79,13,169,1618.0,1,1,1,3,0,0,0,0,1,1,1,3
HDCL_HW_A,79,14,220,1713.0,1,1,1,3,0,0,0,0,1,1,1,3
HDCL_HW_A,79,15,446,1337.0,1,1,1,3,1,1,1,3,1,1,1,3
HDCL_HW_A,79,16,165,1762.0,1,1,1,3,0,0,0,0,1,1,1,3
HDCL_HW_A,80,0,72,3719.0,1,1,1,3,0,0,0,0,1,1,1,3
HDCL_HW_A,80,1,35,7258.0,1,1,1,3,0,0,0,0,1,1,1,3
HDCL_HW_A,80,2,85,2621.0,1,1,1,3,0,1,1,2,1,1,1,3
HDCL_HW_A,80,3,339,3478.0,1,1,1,3,0,0,0,0,1,1,1,3
HDCL_HW_A,80,4,90,4243.0,1,1,1,3,0,0,0,0,1,1,1,3
HDCL_HW_A,80,5,656,2284.0,1,1,1,3,0,0,1,1,1,1,1,3
HDCL_HW_A,80,6,543,1635.0,1,1,1,3,1,1,1,3,1,1,1,3
HDCL_HW_A,80,7,48,2655.5,1,1,1,3,0,0,0,0,1,1,1,3
HDCL_HW_A,80,8,84,3175.5,1,1,1,3,0,0,0,0,1,1,1,3
HDCL_HW_A,80,9,242,2654.0,1,1,1,3,0,0,0,0,1,1,1,3
HDCL_HW_A,80,10,20,2914.5,1,1,1,3,0,0,0,0,1,1,1,3
HDCL_HW_A,80,11,52,2512.0,1,1,1,3,0,0,0,0,1,1,1,3
HDCL_HW_A,80,12,1168,1636.0,1,1,1,3,0,1,1,2,1,1,1,3
HDCL_HW_A,80,13,3578,787.0,1,1,1,3,1,1,1,3,1,1,1,3
HDCL_HW_A,80,14,476,1091.0,1,1,1,3,1,1,1,3,1,1,1,3
HDCL_HW_A,80,15,357,1016.0,1,1,1,3,0,0,0,0,1,1,1,3
HDCL_HW_A,80,16,318,1101.5,1,1,1,3,0,0,0,0,1,1,1,3
HDCL_HW_A,80,17,1188,766.0,1,1,1,3,1,1,1,3,1,1,1,3
HDCL_HW_A,81,0,1972,1891.5,1,0,1,2,1,0,1,2,0,1,1,2
HDCL_HW_A,81,1,168,2015.5,1,1,1,3,1,1,1,3,1,1,1,3
HDCL_HW_A,81,2,71,2447.0,1,1,1,3,0,0,0,0,1,1,1,3
HDCL_HW_A,81,3,784,2128.5,1,1,1,3,1,1,1,3,1,1,1,3
HDCL_HW_A,81,4,174,2752.0,1,1,1,3,0,0,0,0,1,1,1,3
HDCL_HW_A,81,5,528,1323.5,1,1,1,3,0,0,0,0,1,1,1,3
HDCL_HW_A,81,6,252,1932.5,1,1,1,3,0,1,1,2,1,1,1,3
HDCL_HW_A,81,7,1358,1193.0,1,1,1,3,1,1,1,3,1,1,1,3
HDCL_HW_A,81,8,182,1575.5,1,1,1,3,0,0,0,0,1,1,1,3
HDCL_HW_A,81,9,288,1198.5,1,1,1,3,0,0,0,0,1,1,1,3
HDCL_HW_A,81,10,606,1505.0,1,1,1,3,1,0,1,2,1,1,1,3
HDCL_HW_A,81,11,92,1604.5,1,1,1,3,0,0,0,0,1,1,1,3
HDCL_HW_A,81,12,365,1136.0,1,1,1,3,1,1,1,3,1,1,1,3
HDCL_HW_A,81,13,331,1062.0,1,1,1,3,1,1,1,3,1,1,1,3
HDCL_HW_A,81,14,220,1036.0,1,1,1,3,1,1,1,3,1,1,1,3
HDCL_HW_A,81,15,104,1388.0,1,1,1,3,0,0,0,0,1,1,1,3
HDCL_HW_A,81,16,13060,628.0,1,1,1,3,1,1,1,3,1,1,1,3
HDCL_HW_A,82,0,42,11555.5,0,0,0,0,1,1,1,3,0,0,0,0
HDCL_HW_A,82,1,31,26572.0,1,1,1,3,0,0,0,0,1,1,1,3
HDCL_HW_A,82,2,39,14089.0,0,0,0,0,0,0,0,0,0,0,0,0
HDCL_HW_A,82,3,23,13936.0,1,1,1,3,0,0,0,0,1,1,1,3
HDCL_HW_A,82,4,64,11573.5,1,1,1,3,0,0,0,0,1,1,1,3
HDCL_HW_A,82,5,155,7764.0,1,1,1,3,0,0,0,0,1,1,1,3
HDCL_HW_A,82,6,55,12115.0,1,1,1,3,0,0,0,0,1,1,1,3
HDCL_HW_A,82,7,79,5721.0,1,1,1,3,0,0,0,0,1,1,1,3
HDCL_HW_A,82,8,64,6947.5,1,1,1,3,0,0,0,0,1,1,1,3
HDCL_HW_A,82,9,173,5584.0,1,1,1,3,0,0,0,0,1,1,1,3
HDCL_HW_A,82,10,303,3908.0,1,1,1,3,0,0,0,0,1,1,1,3
HDCL_HW_A,82,11,39,3219.0,1,1,1,3,0,0,0,0,1,1,1,3
HDCL_HW_A,82,12,75,3297.0,1,1,1,3,0,0,0,0,1,1,1,3
HDCL_HW_A,82,13,58,3347.5,1,1,1,3,0,0,1,1,1,1,1,3
HDCL_HW_A,82,14,642,2653.0,1,1,1,3,0,0,0,0,1,1,1,3
HDCL_HW_A,82,15,214,2745.5,1,1,1,3,0,0,0,0,1,1,1,3
HDCL_HW_A,82,16,930,2010.0,1,1,1,3,0,0,0,0,1,1,1,3
HDCL_HW_A,82,17,82,1836.5,1,1,1,3,0,0,0,0,1,1,1,3
HDCL_HW_A,82,18,698,1682.0,1,1,1,3,0,0,0,0,1,1,1,3
HDCL_HW_A,82,19,52,1608.5,1,1,1,3,0,0,0,0,1,1,1,3
HDCL_HW_A,82,20,155,1941.0,1,1,1,3,0,0,0,0,1,1,1,3
HDCL_HW_A,82,21,193,1636.0,1,1,1,3,0,0,0,0,1,1,1,3
HDCL_HW_A,82,22,80,1744.5,1,1,1,3,0,0,0,0,1,1,1,3
HDCL_HW_A,82,23,467,1769.0,1,1,1,3,0,0,0,0,1,1,1,3
HDCL_HW_A,82,24,1035,1212.0,1,1,1,3,1,1,1,3,1,1,1,3
HDCL_HW_A,82,25,256,1038.0,1,1,1,3,1,1,1,3,1,1,1,3
HDCL_HW_A,83,0,39,21203.0,1,1,1,3,0,0,0,0,1,1,1,3
HDCL_HW_A,83,1,29,13882.0,1,1,1,3,0,0,0,0,1,1,1,3
HDCL_HW_A,83,2,72,11007.5,1,1,1,3,0,0,0,0,1,1,1,3
HDCL_HW_A,83,3,146,7404.5,1,1,1,3,0,0,0,0,1,1,1,3
HDCL_HW_A,83,4,45,12571.0,1,1,1,3,0,0,0,0,1,1,1,3
HDCL_HW_A,83,5,42,5387.0,1,1,1,3,0,0,0,0,1,1,1,3
HDCL_HW_A,83,6,23,8745.0,1,0,1,2,0,0,0,0,1,1,1,3
HDCL_HW_A,83,7,60,6604.0,1,1,1,3,0,0,0,0,1,1,1,3
HDCL_HW_A,83,8,186,4995.0,1,1,1,3,0,0,0,0,1,1,1,3
HDCL_HW_A,83,9,336,3230.0,1,1,1,3,0,0,0,0,1,1,1,3
HDCL_HW_A,83,10,41,3077.0,1,0,1,2,0,0,0,0,1,1,1,3
HDCL_HW_A,83,11,85,3040.0,1,1,1,3,0,0,0,0,1,1,1,3
HDCL_HW_A,83,12,59,3086.0,1,1,1,3,0,0,0,0,1,1,1,3
HDCL_HW_A,83,13,834,2313.0,1,1,1,3,0,0,0,0,1,1,1,3
HDCL_HW_A,83,14,310,2361.5,1,1,1,3,0,0,0,0,1,1,1,3
HDCL_HW_A,83,15,1357,1660.0,1,1,1,3,0,0,1,1,1,1,1,3
HDCL_HW_A,83,16,159,1541.0,1,1,1,3,0,0,0,0,1,1,1,3
HDCL_HW_A,83,17,1084,1389.5,1,1,1,3,0,0,0,0,1,1,1,3
HDCL_HW_A,83,18,205,1621.0,1,1,1,3,0,0,0,0,1,1,1,3
HDCL_HW_A,83,19,100,1314.0,0,1,1,2,0,0,0,0,1,0,1,2
HDCL_HW_A,83,20,250,1316.0,1,1,1,3,0,0,0,0,1,1,1,3
HDCL_HW_A,83,21,114,1402.0,1,1,1,3,0,0,0,0,1,1,1,3
HDCL_HW_A,83,22,809,1392.0,1,1,1,3,0,1,0,1,1,1,1,3
HDCL_HW_A,83,23,1800,927.0,1,1,1,3,1,1,1,3,1,1,1,3
HDCL_HW_A,84,0,27,13945.0,0,0,0,0,0,0,0,0,1,1,0,2
HDCL_HW_A,84,1,93,20586.0,0,0,0,0,0,0,0,0,0,0,0,0
HDCL_HW_A,84,2,27,18808.0,0,0,0,0,0,0,0,0,0,1,1,2
HDCL_HW_A,84,3,33,13536.0,0,0,0,0,0,0,0,0,0,0,0,0
HDCL_HW_A,84,4,37,23034.0,1,1,1,3,0,0,0,0,1,1,1,3
HDCL_HW_A,84,5,57,11662.0,1,1,1,3,0,0,0,0,1,1,1,3
HDCL_HW_A,84,6,83,9713.0,1,1,1,3,0,0,0,0,1,1,1,3
HDCL_HW_A,84,7,192,6609.0,1,1,1,3,0,0,0,0,1,1,1,3
HDCL_HW_A,84,8,44,9719.0,1,1,1,3,0,0,0,0,1,1,1,3
HDCL_HW_A,84,9,74,4465.0,1,1,1,3,0,1,0,1,1,1,1,3
HDCL_HW_A,84,10,30,4799.5,1,1,1,3,0,0,0,0,1,1,1,3
HDCL_HW_A,84,11,29,5519.0,1,1,1,3,0,0,0,0,1,1,1,3
HDCL_HW_A,84,12,51,5977.0,1,1,1,3,0,0,0,0,1,1,1,3
HDCL_HW_A,84,13,265,4087.0,1,1,1,3,0,0,0,0,1,1,1,3
HDCL_HW_A,84,14,569,2729.0,1,1,1,3,0,0,0,0,1,1,1,3
HDCL_HW_A,84,15,81,2350.0,1,1,1,3,0,0,0,0,1,1,1,3
HDCL_HW_A,84,16,147,2373.0,1,1,1,3,0,0,0,0,1,1,1,3
HDCL_HW_A,84,17,91,2498.0,1,1,1,3,0,0,0,0,1,1,1,3
HDCL_HW_A,84,18,1778,1732.0,1,1,1,3,0,1,1,2,1,1,1,3
HDCL_HW_A,84,19,61,1909.0,1,1,1,3,0,0,0,0,1,1,1,3
HDCL_HW_A,84,20,473,1799.0,1,1,1,3,0,0,0,0,1,1,1,3
HDCL_HW_A,84,21,180,1283.5,1,1,1,3,0,0,0,0,1,1,1,3
HDCL_HW_A,84,22,304,1258.0,1,1,1,3,0,0,0,0,1,1,1,3
HDCL_HW_A,84,23,379,1157.0,1,1,1,3,1,1,0,2,1,1,1,3
HDCL_HW_A,84,24,358,964.0,1,1,1,3,0,0,0,0,1,0,1,2
HDCL_HW_A,84,25,1110,1097.0,1,1,1,3,1,1,1,3,1,1,1,3
HDCL_HW_A,84,26,238,913.0,1,1,1,3,0,0,0,0,1,0,1,2
HDCL_HW_A,84,27,163,1112.0,1,1,1,3,0,0,0,0,1,1,1,3
HDCL_HW_A,85,0,127,14430.0,0,0,0,0,0,0,0,0,0,0,0,0
HDCL_HW_A,85,1,29,7849.0,1,1,1,3,0,0,0,0,1,1,1,3
HDCL_HW_A,85,2,76,4699.5,1,1,1,3,0,0,0,0,1,1,1,3
HDCL_HW_A,85,3,553,3048.0,1,1,1,3,0,0,0,0,1,1,1,3
HDCL_HW_A,85,4,249,2411.0,1,1,1,3,0,0,0,0,1,1,1,3
HDCL_HW_A,85,5,54,2558.0,1,1,1,3,0,0,0,0,1,1,1,3
HDCL_HW_A,85,6,181,3048.0,1,1,1,3,0,0,0,0,1,1,1,3
HDCL_HW_A,85,7,41,2240.0,1,1,1,3,0,0,0,0,1,1,1,3
HDCL_HW_A,85,8,945,1213.0,1,1,1,3,1,0,1,2,1,1,1,3
HDCL_HW_A,85,9,894,2006.0,1,1,1,3,0,0,0,0,1,1,1,3
HDCL_HW_A,85,10,105,1804.0,1,1,1,3,0,0,0,0,1,1,1,3
HDCL_HW_A,86,0,147,12771.0,0,0,0,0,0,0,0,0,1,0,0,1
HDCL_HW_A,86,1,71,8732.0,0,0,0,0,0,0,0,0,0,0,0,0
HDCL_HW_A,86,2,39,13845.0,0,0,0,0,0,0,0,0,0,1,0,1
HDCL_HW_A,86,3,71,7511.0,1,1,1,3,0,0,0,0,1,1,1,3
HDCL_HW_A,86,4,76,6060.0,1,1,1,3,0,0,0,0,1,1,1,3
HDCL_HW_A,86,5,88,9573.5,1,1,1,3,0,0,0,0,1,1,1,3
HDCL_HW_A,86,6,44,16002.0,1,1,1,3,0,0,0,0,1,1,1,3
HDCL_HW_A,86,7,63,7378.0,1,1,1,3,0,0,0,0,1,1,1,3
HDCL_HW_A,86,8,38,8258.0,1,1,1,3,0,0,0,0,1,1,1,3
HDCL_HW_A,86,9,86,4660.5,1,1,1,3,0,0,0,0,1,1,1,3
HDCL_HW_A,86,10,206,5630.5,1,1,1,3,0,0,0,0,1,1,1,3
HDCL_HW_A,86,11,25,4613.0,1,1,1,3,0,0,0,0,1,1,1,3
HDCL_HW_A,86,12,36,3890.5,1,1,1,3,0,0,0,0,1,1,1,3
HDCL_HW_A,86,13,155,3123.0,1,1,1,3,0,0,0,0,1,1,1,3
HDCL_HW_A,86,14,1260,1967.0,1,1,1,3,1,1,1,3,1,1,1,3
HDCL_HW_A,86,15,95,1488.0,1,1,1,3,0,0,0,0,1,1,1,3
HDCL_HW_A,86,16,633,1399.0,1,1,1,3,0,0,0,0,1,1,1,3
HDCL_HW_A,86,17,73,1504.0,1,1,1,3,0,0,0,0,1,1,1,3
HDCL_HW_A,86,18,522,1754.0,1,1,1,3,0,0,0,0,1,1,1,3
HDCL_HW_A,86,19,75,1274.0,1,1,1,3,0,0,0,0,1,1,1,3
HDCL_HW_A,86,20,754,991.0,1,1,1,3,0,0,0,0,1,1,1,3
HDCL_HW_A,86,21,368,988.0,1,1,1,3,0,1,1,2,1,1,1,3
HDCL_HW_A,87,0,212,12069.5,0,0,0,0,0,0,0,0,0,0,0,0
HDCL_HW_A,87,1,47,13638.0,0,0,0,0,0,0,0,0,1,1,1,3
HDCL_HW_A,87,2,75,7251.0,1,1,1,3,0,0,0,0,1,1,1,3
HDCL_HW_A,87,3,87,5837.0,1,1,1,3,0,0,0,0,1,1,1,3
HDCL_HW_A,87,4,113,9131.0,1,1,1,3,0,0,0,0,1,1,1,3
HDCL_HW_A,87,5,24,3696.5,0,0,0,0,0,0,0,0,0,0,0,0
HDCL_HW_A,87,6,36,14345.5,1,1,1,3,0,0,0,0,1,1,1,3
HDCL_HW_A,87,7,74,6768.5,1,1,1,3,0,0,0,0,1,1,1,3
HDCL_HW_A,87,8,117,4092.0,1,1,1,3,0,0,0,0,1,1,1,3
HDCL_HW_A,87,9,38,7099.0,1,1,1,3,0,0,0,0,1,1,1,3
HDCL_HW_A,87,10,136,4537.0,1,1,1,3,0,0,0,0,1,1,1,3
HDCL_HW_A,87,11,215,5521.0,1,1,1,3,0,0,0,0,1,1,1,3
HDCL_HW_A,87,12,38,3804.5,1,1,1,3,0,0,0,0,1,1,1,3
HDCL_HW_A,87,13,180,2965.0,1,1,1,3,0,0,0,0,1,1,1,3
HDCL_HW_A,87,14,1422,1841.5,1,1,1,3,1,1,1,3,1,1,1,3
HDCL_HW_A,87,15,88,1353.0,1,1,1,3,0,0,0,0,1,1,1,3
HDCL_HW_A,87,16,82,1378.0,1,1,1,3,0,0,0,0,1,1,1,3
HDCL_HW_A,87,17,800,1264.0,1,1,1,3,0,0,0,0,1,1,1,3
HDCL_HW_A,87,18,607,1616.0,1,1,1,3,0,0,0,0,1,1,1,3
HDCL_HW_A,87,19,92,1161.0,1,1,1,3,0,0,0,0,1,1,1,3
HDCL_HW_A,88,0,153,11269.0,0,0,1,1,0,0,0,0,1,1,1,3
HDCL_HW_A,88,1,26,12646.5,1,1,1,3,0,0,0,0,1,1,1,3
HDCL_HW_A,88,2,69,7024.0,1,0,1,2,0,0,0,0,1,1,1,3
HDCL_HW_A,88,3,23,8338.0,0,0,0,0,0,0,0,0,0,0,0,0
HDCL_HW_A,88,4,22,12403.0,0,0,1,1,0,0,0,0,1,1,1,3
HDCL_HW_A,88,5,43,5892.0,1,1,1,3,0,0,0,0,1,1,1,3
HDCL_HW_A,88,6,42,13170.0,0,0,1,1,0,0,0,0,0,1,0,1
HDCL_HW_A,88,7,135,5541.0,1,1,1,3,0,0,0,0,1,1,1,3
HDCL_HW_A,88,8,23,10362.0,1,1,1,3,0,0,0,0,1,1,1,3
HDCL_HW_A,88,9,46,5991.0,1,1,1,3,0,0,0,0,1,1,1,3
HDCL_HW_A,88,10,67,2701.0,1,1,1,3,0,0,1,1,1,1,1,3
HDCL_HW_A,88,11,191,4096.0,1,1,1,3,0,0,0,0,1,1,1,3
HDCL_HW_A,88,12,39,8325.0,1,1,1,3,0,0,0,0,1,1,1,3
HDCL_HW_A,88,13,123,3036.0,1,1,1,3,0,0,0,0,1,1,1,3
HDCL_HW_A,88,14,235,2828.0,1,1,1,3,0,0,0,0,1,1,1,3
HDCL_HW_A,88,15,55,14235.0,1,1,1,3,0,0,0,0,1,1,1,3
HDCL_HW_A,88,16,159,5761.0,1,1,1,3,1,0,1,2,1,1,1,3
HDCL_HW_A,88,17,62,2999.0,1,1,1,3,0,0,0,0,1,1,1,3
HDCL_HW_A,88,18,115,4511.0,1,1,1,3,0,0,0,0,1,1,1,3
HDCL_HW_A,88,19,270,2605.0,1,1,1,3,0,0,0,0,1,1,1,3
HDCL_HW_A,88,20,81,4448.0,1,1,1,3,0,0,0,0,1,1,1,3
HDCL_HW_A,88,21,35,2826.0,1,1,1,3,0,0,0,0,1,1,1,3
HDCL_HW_A,88,22,451,3263.0,1,1,1,3,1,1,1,3,1,1,1,3
HDCL_HW_A,88,23,154,2584.5,1,1,1,3,0,0,0,0,1,1,1,3
HDCL_HW_A,88,24,61,2528.0,1,1,1,3,0,0,0,0,1,1,1,3
HDCL_HW_A,88,25,89,2082.0,1,1,1,3,0,0,0,0,1,1,1,3
HDCL_HW_A,88,26,945,1394.0,1,1,1,3,1,1,1,3,1,1,1,3
HDCL_HW_A,89,0,114,10299.0,1,1,1,3,0,0,0,0,1,1,1,3
HDCL_HW_A,89,1,34,11349.5,1,1,1,3,0,0,0,0,1,1,1,3
HDCL_HW_A,89,2,145,9292.0,1,0,1,2,0,0,0,0,1,1,1,3
HDCL_HW_A,89,3,95,5769.0,1,1,1,3,0,0,0,0,1,1,1,3
HDCL_HW_A,89,4,60,6856.0,1,0,1,2,0,0,0,0,1,1,1,3
HDCL_HW_A,89,5,51,12972.0,1,1,1,3,0,0,0,0,1,1,0,2
HDCL_HW_A,89,6,115,5000.0,1,1,1,3,0,0,0,0,1,1,1,3
HDCL_HW_A,89,7,34,9749.0,1,1,1,3,0,0,0,0,1,1,1,3
HDCL_HW_A,89,8,39,9953.0,1,0,1,2,0,0,0,0,1,0,0,1
HDCL_HW_A,89,9,222,3841.5,1,1,1,3,0,0,1,1,1,1,1,3
HDCL_HW_A,89,10,117,4212.0,1,1,1,3,0,0,0,0,1,1,1,3
HDCL_HW_A,89,11,58,6172.0,1,1,1,3,0,0,0,0,1,1,1,3
HDCL_HW_A,89,12,23,10742.0,1,1,1,3,0,0,0,0,1,1,1,3
HDCL_HW_A,89,13,53,5928.0,1,1,1,3,0,0,0,0,1,1,1,3
HDCL_HW_A,89,14,302,3570.0,1,1,1,3,1,0,1,2,1,1,1,3
HDCL_HW_A,89,15,268,2762.0,1,1,1,3,0,0,0,0,1,1,1,3
HDCL_HW_A,89,16,176,2550.5,1,1,1,3,0,0,0,0,1,1,1,3
HDCL_HW_A,89,17,1165,1996.0,1,1,1,3,1,1,1,3,1,1,1,3
HDCL_HW_A,89,18,122,1516.0,1,1,1,3,0,0,0,0,1,1,1,3
HDCL_HW_A,89,19,230,1376.5,1,1,1,3,0,0,0,0,1,1,1,3
HDCL_HW_A,89,20,279,1239.0,1,1,1,3,0,0,0,0,1,1,1,3
HDCL_HW_A,89,21,331,1253.0,1,1,1,3,0,0,0,0,1,1,1,3
HDCL_HW_A,89,22,488,856.0,1,1,1,3,0,0,0,0,1,1,1,3
HDCL_HW_A,90,0,208,10626.5,1,1,1,3,0,0,0,0,1,1,1,3
HDCL_HW_A,90,1,128,8695.5,1,0,0,1,0,0,0,0,1,1,1,3
HDCL_HW_A,90,2,22,11859.5,1,1,1,3,0,0,0,0,1,1,1,3
HDCL_HW_A,90,3,127,5566.0,1,1,1,3,0,0,0,0,1,1,1,3
HDCL_HW_A,90,4,59,6268.0,1,1,1,3,0,0,0,0,1,1,1,3
HDCL_HW_A,90,5,52,20192.5,1,1,1,3,0,0,0,0,1,1,1,3
HDCL_HW_A,90,6,138,4417.0,1,1,1,3,0,0,0,0,1,1,1,3
HDCL_HW_A,90,7,34,10477.5,1,1,1,3,0,0,0,0,1,1,1,3
HDCL_HW_A,90,8,35,9158.0,1,1,1,3,0,0,0,0,1,1,1,3
HDCL_HW_A,90,9,265,3478.0,1,1,1,3,0,0,0,0,1,1,1,3
HDCL_HW_A,90,10,146,3688.5,1,1,1,3,0,0,0,0,1,1,1,3
HDCL_HW_A,90,11,64,5930.5,1,1,1,3,0,0,0,0,1,1,1,3
HDCL_HW_A,90,12,26,6833.5,1,1,1,3,0,0,0,0,0,1,1,2
HDCL_HW_A,90,13,58,4672.5,1,1,1,3,1,0,1,2,1,1,1,3
HDCL_HW_A,90,14,387,3098.0,1,1,1,3,0,0,0,0,1,1,1,3
HDCL_HW_A,90,15,383,2399.0,1,1,1,3,0,0,0,0,1,1,1,3
HDCL_HW_A,90,16,253,2187.0,1,1,1,3,0,0,0,0,1,1,1,3
HDCL_HW_A,90,17,1594,1665.0,1,1,1,3,1,1,1,3,1,1,1,3
HDCL_HW_A,90,18,160,1191.0,1,1,1,3,0,0,0,0,1,1,1,3
HDCL_HW_A,90,19,435,1050.0,1,1,1,3,0,0,0,0,1,1,1,3
HDCL_HW_A,90,20,595,916.0,1,1,1,3,1,0,1,2,1,1,1,3
HDCL_HW_A,90,21,565,945.0,1,1,1,3,1,1,1,3,1,1,1,3
HDCL_HW_A,91,0,124,5772.0,1,1,1,3,0,0,0,0,1,1,1,3
HDCL_HW_A,91,1,101,6669.0,1,1,1,3,0,0,0,0,1,1,1,3
HDCL_HW_A,91,2,30,8142.0,1,1,1,3,0,0,0,0,1,1,1,3
HDCL_HW_A,91,3,151,2950.0,1,1,1,3,1,1,1,3,1,1,1,3
HDCL_HW_A,91,4,115,7761.0,1,1,1,3,0,0,0,0,1,1,1,3
HDCL_HW_A,91,5,43,13311.0,1,1,1,3,0,0,0,0,1,1,1,3
HDCL_HW_A,91,6,56,2997.0,1,1,1,3,0,0,0,0,1,1,1,3
HDCL_HW_A,91,7,482,2532.0,1,1,1,3,1,1,0,2,1,1,1,3
HDCL_HW_A,91,8,186,2969.5,1,1,1,3,0,0,0,0,1,1,1,3
HDCL_HW_A,91,9,1827,1848.0,1,1,1,3,0,0,0,0,1,1,1,3
HDCL_HW_A,91,10,560,2280.5,1,1,1,3,1,0,0,1,1,1,1,3
HDCL_HW_A,91,11,3350,1228.0,1,1,1,3,0,0,0,0,1,1,1,3
HDCL_HW_A,91,12,155,1226.0,1,1,1,3,0,0,0,0,1,1,1,3
HDCL_HW_A,91,13,743,1015.0,1,1,1,3,1,1,1,3,1,1,1,3
HDCL_HW_A,91,14,461,971.0,1,1,1,3,0,0,0,0,1,1,1,3
HDCL_HW_A,92,0,95,6385.0,1,1,1,3,0,0,0,0,1,1,1,3
HDCL_HW_A,92,1,105,7277.0,1,1,1,3,0,0,0,0,1,1,1,3
HDCL_HW_A,92,2,27,11393.0,1,1,1,3,0,0,0,0,1,1,1,3
HDCL_HW_A,92,3,110,4800.5,1,1,1,3,0,0,0,0,1,1,1,3
HDCL_HW_A,92,4,149,2901.0,1,1,1,3,0,0,0,0,1,1,1,3
HDCL_HW_A,92,5,32,10508.5,1,1,1,3,0,0,0,0,1,1,1,3
HDCL_HW_A,92,6,29,2973.0,1,1,1,3,0,0,0,0,1,1,1,3
HDCL_HW_A,92,7,453,2432.0,1,1,1,3,0,0,0,0,1,1,1,3
HDCL_HW_A,92,8,204,2814.5,1,1,1,3,1,0,1,2,1,1,1,3
HDCL_HW_A,92,9,2058,1766.0,1,1,1,3,0,0,0,0,1,1,1,3
HDCL_HW_A,92,10,628,2178.0,1,1,1,3,0,1,0,1,1,1,1,3
HDCL_HW_A,92,11,3443,1160.0,1,1,1,3,0,0,0,0,1,1,1,3
HDCL_HW_A,92,12,179,1149.0,1,1,1,3,0,0,0,0,1,1,1,3
HDCL_HW_A,92,13,881,940.0,1,1,1,3,0,0,0,0,1,1,1,3
HDCL_HW_A,93,0,125,9253.0,1,1,1,3,0,0,0,0,1,1,1,3
HDCL_HW_A,93,1,200,5606.0,1,1,1,3,0,0,0,0,1,1,1,3
HDCL_HW_A,93,2,59,2127.0,1,1,1,3,0,0,0,0,1,1,1,3
HDCL_HW_A,93,3,161,2354.0,1,1,1,3,0,0,0,0,1,1,1,3
HDCL_HW_A,93,4,266,2056.5,1,1,1,3,0,0,0,0,1,1,1,3
HDCL_HW_A,93,5,65,2302.0,1,1,1,3,0,0,0,0,1,1,1,3
HDCL_HW_A,93,6,78,1965.0,1,1,1,3,0,0,0,0,1,1,1,3
HDCL_HW_A,93,7,1327,1588.0,1,1,1,3,1,1,1,3,1,1,1,3
HDCL_HW_A,93,8,335,1932.0,1,1,1,3,0,0,0,0,1,1,1,3
HDCL_HW_A,93,9,75,1772.0,1,1,1,3,0,0,0,0,1,1,1,3
HDCL_HW_A,93,10,1878,1346.0,1,1,1,3,1,1,1,3,1,1,1,3
HDCL_HW_A,93,11,4389,1007.0,1,1,1,3,1,1,1,3,1,1,1,3
HDCL_HW_A,94,0,680,1223.0,1,1,1,3,1,1,1,3,1,1,1,3
HDCL_HW_A,94,1,2011,1000.0,1,1,1,3,0,0,0,0,1,1,1,3
HDCL_HW_A,95,0,1110,972.0,1,1,1,3,0,1,1,2,1,1,1,3
HDCL_HW_A,95,1,745,968.0,1,1,1,3,0,0,0,0,1,1,1,3
HDCL_HW_A,96,0,64,22878.0,0,0,0,0,0,0,0,0,1,0,0,1
HDCL_HW_A,96,1,42,13664.0,1,1,0,2,0,0,0,0,1,1,0,2
HDCL_HW_A,96,2,31,9615.0,0,0,0,0,0,0,0,0,0,0,0,0
HDCL_HW_A,96,3,89,7845.0,0,0,0,0,0,0,0,0,1,0,0,1
HDCL_HW_A,96,4,66,8464.5,1,1,1,3,0,0,0,0,1,1,1,3
HDCL_HW_A,96,5,168,7603.5,1,1,1,3,0,0,0,0,1,1,1,3
HDCL_HW_A,96,6,107,5481.0,1,1,1,3,0,0,0,0,1,1,1,3
HDCL_HW_A,96,7,150,7929.0,1,1,1,3,0,0,0,0,1,1,1,3
HDCL_HW_A,96,8,93,11204.0,1,1,1,3,0,0,0,0,1,1,1,3
HDCL_HW_A,96,9,308,4087.5,1,1,1,3,0,0,0,0,1,1,1,3
HDCL_HW_A,96,10,43,7035.0,1,1,1,3,0,0,0,0,1,1,1,3
HDCL_HW_A,96,11,40,7800.5,1,1,1,3,0,0,0,0,1,1,1,3
HDCL_HW_A,96,12,52,5047.5,1,1,1,3,0,0,0,0,1,1,1,3
HDCL_HW_A,96,13,26,8526.0,1,1,1,3,0,0,0,0,1,1,1,3
HDCL_HW_A,96,14,149,5726.0,1,1,1,3,0,0,0,0,1,1,1,3
HDCL_HW_A,96,15,30,5676.5,1,1,1,3,0,0,0,0,1,1,1,3
HDCL_HW_A,96,16,677,2542.0,1,1,1,3,0,0,0,0,1,1,1,3
HDCL_HW_A,96,17,89,4090.0,1,1,1,3,0,0,0,0,1,1,1,3
HDCL_HW_A,96,18,65,2716.0,1,1,1,3,0,0,0,0,1,1,1,3
HDCL_HW_A,96,19,67,2770.0,1,1,1,3,0,0,0,0,1,1,1,3
HDCL_HW_A,96,20,45,2499.0,1,1,1,3,0,0,0,0,1,1,1,3
HDCL_HW_A,96,21,13669,1282.0,1,1,1,3,0,0,0,0,1,1,1,3
HDCL_HW_A,96,22,1383,1429.0,1,1,1,3,1,1,1,3,1,1,1,3
HDCL_HW_A,96,23,2188,1211.0,1,1,1,3,1,1,1,3,1,1,1,3
HDCL_HW_A,96,24,745,837.0,1,1,1,3,0,0,0,0,1,1,1,3
HDCL_HW_A,96,25,283,986.0,1,1,1,3,0,0,0,0,1,1,1,3
HDCL_HW_A,96,26,406,861.0,1,1,1,3,0,0,0,0,1,1,1,3
HDCL_HW_A,97,0,278,10637.0,1,1,1,3,0,0,0,0,1,1,1,3
HDCL_HW_A,97,1,47,14318.0,1,1,1,3,0,0,0,0,1,1,1,3
HDCL_HW_A,97,2,47,12885.0,1,1,1,3,0,0,0,0,1,1,1,3
HDCL_HW_A,97,3,83,3265.0,1,1,1,3,0,0,0,0,1,1,1,3
HDCL_HW_A,97,4,90,7477.0,1,1,1,3,0,0,0,0,1,1,1,3
HDCL_HW_A,97,5,126,3715.0,1,1,1,3,0,0,0,0,1,1,1,3
HDCL_HW_A,97,6,60,3195.5,1,1,1,3,0,0,0,0,1,1,1,3
HDCL_HW_A,97,7,85,10053.0,1,1,1,3,0,0,0,0,1,1,1,3
HDCL_HW_A,97,8,90,8149.5,1,1,1,3,0,0,0,0,1,1,1,3
HDCL_HW_A,97,9,73,6078.0,1,1,1,3,0,0,0,0,1,1,1,3
HDCL_HW_A,97,10,39,4646.0,1,1,1,3,0,0,0,0,1,1,1,3
HDCL_HW_A,97,11,105,3654.0,1,1,1,3,0,0,0,0,1,1,1,3
HDCL_HW_A,97,12,42,3941.5,1,1,1,3,0,0,0,0,1,1,1,3
HDCL_HW_A,97,13,423,2081.0,1,1,1,3,0,0,0,0,1,1,1,3
HDCL_HW_A,97,14,557,2901.0,1,1,1,3,0,0,0,0,1,1,1,3
HDCL_HW_A,97,15,238,2365.0,1,1,1,3,0,0,0,0,1,1,1,3
HDCL_HW_A,97,16,3194,1059.0,1,1,1,3,1,1,1,3,1,1,1,3
HDCL_HW_A,97,17,1914,1394.0,1,1,1,3,1,1,1,3,1,1,1,3
HDCL_HW_A,97,18,4370,862.0,1,1,1,3,1,1,1,3,1,1,1,3
HDCL_HW_A,98,0,246,12029.5,0,0,0,0,0,0,0,0,0,1,1,2
HDCL_HW_A,98,1,134,13402.5,1,1,1,3,0,0,0,0,1,1,1,3
HDCL_HW_A,98,2,116,14313.0,1,0,1,2,0,0,0,0,1,0,1,2
HDCL_HW_A,98,3,78,3214.0,1,1,1,3,0,0,0,0,1,1,1,3
HDCL_HW_A,98,4,93,7202.0,1,1,1,3,0,0,0,0,1,1,1,3
HDCL_HW_A,98,5,48,3132.5,1,1,1,3,0,0,0,0,1,1,1,3
HDCL_HW_A,98,6,91,3651.0,1,1,1,3,0,0,0,0,1,1,1,3
HDCL_HW_A,98,7,77,10106.0,1,1,1,3,0,0,0,0,1,1,1,3
HDCL_HW_A,98,8,76,8069.0,1,1,1,3,0,0,0,0,1,1,1,3
HDCL_HW_A,98,9,61,6484.0,1,1,1,3,0,0,0,0,1,1,1,3
HDCL_HW_A,98,10,32,4497.5,1,1,1,3,0,0,0,0,1,1,1,3
HDCL_HW_A,98,11,85,3691.0,1,1,1,3,0,0,0,0,1,1,1,3
HDCL_HW_A,98,12,31,3731.0,1,1,1,3,0,0,0,0,1,1,1,3
HDCL_HW_A,98,13,456,1953.5,1,1,1,3,0,0,0,0,1,1,1,3
HDCL_HW_A,98,14,652,2777.5,1,1,1,3,0,0,0,0,1,1,1,3
HDCL_HW_A,98,15,256,2254.5,1,1,1,3,0,0,0,0,1,1,1,3
HDCL_HW_A,98,16,2233,1288.0,1,1,1,3,1,1,1,3,1,1,1,3
HDCL_HW_A,98,17,2282,978.0,1,1,1,3,1,1,1,3,1,1,1,3
HDCL_HW_A,98,18,2056,826.0,1,0,1,2,1,1,1,3,1,1,1,3
HDCL_HW_A,99,0,64,8261.5,1,1,1,3,0,0,0,0,1,1,1,3
HDCL_HW_A,99,1,100,9449.0,1,1,1,3,0,0,0,0,1,1,1,3
HDCL_HW_A,99,2,159,7598.0,1,1,1,3,0,0,0,0,1,1,1,3
HDCL_HW_A,99,3,406,5980.5,1,1,1,3,0,0,0,0,1,1,1,3
HDCL_HW_A,99,4,20,11260.0,1,1,1,3,0,0,0,0,1,1,1,3
HDCL_HW_A,99,5,47,8660.0,1,1,1,3,0,0,0,0,1,1,1,3
HDCL_HW_A,99,6,32,4466.0,1,1,1,3,0,0,0,0,1,1,1,3
HDCL_HW_A,99,7,64,3804.5,1,1,1,3,0,0,0,0,1,1,1,3
HDCL_HW_A,99,8,440,3068.5,1,1,1,3,0,0,0,0,1,1,1,3
HDCL_HW_A,99,9,33,3734.0,1,1,1,3,0,0,0,0,1,1,1,3
HDCL_HW_A,99,10,287,4184.0,1,1,1,3,0,0,0,0,1,1,1,3
HDCL_HW_A,99,11,238,2879.0,1,1,1,3,0,0,0,0,1,1,1,3
HDCL_HW_A,99,12,450,1876.5,1,1,1,3,0,0,0,0,1,1,1,3
HDCL_HW_A,99,13,929,1778.0,1,1,1,3,0,0,0,0,1,1,1,3
HDCL_HW_A,99,14,208,1333.0,1,1,1,3,0,0,0,0,1,1,1,3
HDCL_HW_A,99,15,367,990.0,1,1,1,3,0,0,0,0,1,1,1,3
HDCL_HW_A,99,16,3541,1201.0,1,1,1,3,0,0,0,0,1,1,1,3
HDCL_HW_A,99,17,351,948.0,1,1,1,3,0,0,0,0,1,1,1,3
HDCL_HW_A,99,18,627,867.0,1,1,1,3,1,1,0,2,1,1,1,3
MEB_CM,0,0,260,8657.5,0,0,0,0,0,0,0,0,0,0,0,0
MEB_CM,0,1,52,8005.5,1,1,1,3,0,0,0,0,1,1,1,3
MEB_CM,0,2,276,4757.5,1,1,1,3,0,0,0,0,1,1,1,3
MEB_CM,0,3,92,7967.0,1,0,0,1,0,0,0,0,1,0,0,1
MEB_CM,0,4,55,5179.0,1,1,0,2,0,0,0,0,1,1,1,3
MEB_CM,0,5,123,5830.0,1,1,1,3,0,0,0,0,1,1,1,3
MEB_CM,0,6,287,3996.0,1,1,1,3,0,0,0,0,1,1,1,3
MEB_CM,0,7,111,5342.0,1,1,1,3,0,0,0,0,1,1,1,3
MEB_CM,0,8,300,2996.0,1,1,1,3,1,1,1,3,1,1,1,3
MEB_CM,0,9,77,2856.0,1,1,1,3,1,1,1,3,1,1,1,3
MEB_CM,0,10,413,1482.0,1,1,1,3,0,0,0,0,1,1,1,3
MEB_CM,0,11,2269,1230.0,1,1,1,3,1,1,1,3,1,1,1,3
MEB_CM,0,12,164,1294.0,1,1,1,3,0,0,0,0,1,1,1,3
MEB_CM,0,13,2817,707.0,1,1,1,3,1,1,1,3,1,1,1,3
MEB_CM,1,0,294,7992.5,0,0,0,0,0,0,0,0,0,0,0,0
MEB_CM,1,1,61,8656.0,0,1,1,2,0,0,0,0,0,0,1,1
MEB_CM,1,2,69,7933.0,1,1,1,3,0,0,0,0,1,1,1,3
MEB_CM,1,3,540,4481.0,1,1,1,3,0,0,0,0,1,1,1,3
MEB_CM,1,4,61,7725.0,1,1,1,3,0,0,0,0,1,1,1,3
MEB_CM,1,5,263,7615.0,0,0,1,1,0,0,0,0,1,1,1,3
MEB_CM,1,6,101,5108.0,1,1,1,3,0,0,1,1,1,1,1,3
MEB_CM,1,7,356,3602.0,1,1,1,3,0,0,0,0,1,1,1,3
MEB_CM,1,8,129,4454.0,1,1,1,3,0,0,0,0,1,1,1,3
MEB_CM,1,9,427,2748.0,1,1,1,3,1,1,1,3,1,1,1,3
MEB_CM,1,10,104,2648.5,1,1,1,3,1,1,1,3,1,1,1,3
MEB_CM,1,11,303,1247.0,1,1,1,3,0,0,0,0,1,1,1,3
MEB_CM,1,12,4587,954.0,1,1,1,3,1,1,1,3,1,1,1,3
MEB_CM,1,13,344,990.0,1,1,1,3,1,1,1,3,1,1,1,3
MEB_CM,2,0,147,8346.0,1,1,1,3,0,0,0,0,1,0,0,1
MEB_CM,2,1,275,7832.0,0,0,0,0,0,0,0,0,1,0,0,1
MEB_CM,2,2,302,4432.5,1,1,1,3,0,0,0,0,1,1,1,3
MEB_CM,2,3,327,7393.0,0,0,1,1,0,0,0,0,1,0,1,2
MEB_CM,2,4,136,7972.0,1,1,0,2,0,0,0,0,1,0,0,1
MEB_CM,2,5,78,4655.0,1,1,1,3,0,0,0,0,1,1,1,3
MEB_CM,2,6,46,4281.0,0,0,0,0,0,0,0,0,0,0,0,0
MEB_CM,2,7,121,5452.0,1,1,1,3,0,0,0,0,1,1,1,3
MEB_CM,2,8,601,3554.0,1,1,1,3,0,0,0,0,1,1,1,3
MEB_CM,2,9,125,3516.0,1,1,1,3,0,0,0,0,1,1,1,3
MEB_CM,2,10,536,2670.5,1,1,1,3,1,0,0,1,1,1,1,3
MEB_CM,2,11,109,2584.0,1,1,1,3,1,1,0,2,1,1,1,3
MEB_CM,2,12,5197,876.0,1,1,1,3,1,1,1,3,1,1,1,3
MEB_CM,3,0,146,8198.0,1,1,1,3,0,0,0,0,1,1,1,3
MEB_CM,3,1,193,8252.0,0,1,0,1,0,0,0,0,1,0,0,1
MEB_CM,3,2,315,4322.0,1,1,1,3,0,0,0,0,1,1,1,3
MEB_CM,3,3,150,7217.5,1,1,1,3,0,0,0,0,1,1,1,3
MEB_CM,3,4,346,8277.0,1,0,1,2,0,0,0,0,1,1,1,3
MEB_CM,3,5,93,4375.0,1,1,1,3,0,0,0,0,1,1,1,3
MEB_CM,3,6,42,4051.5,0,0,0,0,0,0,0,0,0,1,1,2
MEB_CM,3,7,187,5683.0,1,1,1,3,0,0,0,0,1,1,1,3
MEB_CM,3,8,768,3262.5,1,1,1,3,0,0,0,0,1,1,1,3
MEB_CM,3,9,175,2776.0,1,1,1,3,0,0,0,0,1,1,1,3
MEB_CM,3,10,630,2459.0,1,1,1,3,1,1,1,3,1,1,1,3
MEB_CM,3,11,115,2378.0,1,1,1,3,1,0,1,2,1,1,1,3
MEB_CM,3,12,7536,751.5,1,1,1,3,1,1,1,3,1,1,1,3
MEB_CM,4,0,61,8351.0,0,1,1,2,0,0,0,0,0,0,0,0
MEB_CM,4,1,281,7947.0,0,0,0,0,0,0,0,0,0,0,0,0
MEB_CM,4,2,67,7430.0,1,1,1,3,0,0,0,0,1,0,0,1
MEB_CM,4,3,386,3941.5,1,1,1,3,0,0,0,0,1,1,1,3
MEB_CM,4,4,96,7216.5,1,1,1,3,0,0,0,0,1,1,1,3
MEB_CM,4,5,399,6558.0,1,0,1,2,0,0,0,0,1,1,1,3
MEB_CM,4,6,97,4319.0,1,1,1,3,0,0,0,0,1,1,1,3
MEB_CM,4,7,42,3777.5,1,0,1,2,0,0,0,0,1,1,1,3
MEB_CM,4,8,217,5114.0,1,1,1,3,0,0,0,0,1,1,1,3
MEB_CM,4,9,792,3023.0,1,1,1,3,0,0,0,0,1,1,1,3
MEB_CM,4,10,206,2529.5,1,1,1,3,1,1,1,3,1,1,1,3
MEB_CM,4,11,690,2225.0,1,1,1,3,1,1,1,3,1,1,1,3
MEB_CM,4,12,159,2125.0,1,1,1,3,1,0,0,1,1,1,1,3
MEB_CM,4,13,673,649.0,1,1,1,3,0,0,0,0,1,1,1,3
MEB_CM,5,0,108,7851.5,1,1,1,3,0,0,0,0,1,1,1,3
MEB_CM,5,1,273,7460.0,0,0,0,0,0,0,0,0,1,0,0,1
MEB_CM,5,2,66,6938.0,1,1,1,3,0,0,0,0,1,1,1,3
MEB_CM,5,3,478,3636.0,1,1,1,3,1,0,1,2,1,1,1,3
MEB_CM,5,4,114,6724.5,1,1,1,3,0,0,0,0,1,1,1,3
MEB_CM,5,5,577,6220.0,0,0,0,0,0,0,0,0,0,0,0,0
MEB_CM,5,6,212,4931.5,1,1,1,3,0,0,0,0,1,1,1,3
MEB_CM,5,7,110,3847.5,1,1,1,3,0,0,0,0,1,1,1,3
MEB_CM,5,8,1186,2722.0,1,1,1,3,1,1,1,3,1,1,1,3
MEB_CM,5,9,239,2296.0,1,1,1,3,1,1,1,3,1,1,1,3
MEB_CM,5,10,933,2029.0,1,1,1,3,1,1,1,3,1,1,1,3
MEB_CM,5,11,54,1909.0,1,1,1,3,0,0,0,0,1,1,1,3
MEB_CM,5,12,168,1904.0,1,1,1,3,1,0,0,1,1,1,1,3
MEB_CM,6,0,76,7601.5,1,1,1,3,0,0,0,0,1,1,1,3
MEB_CM,6,1,280,7127.0,1,1,1,3,0,0,0,0,1,1,1,3
MEB_CM,6,2,85,6691.0,1,1,1,3,0,0,0,0,1,1,1,3
MEB_CM,6,3,565,5989.0,1,1,1,3,0,0,0,0,1,1,1,3
MEB_CM,6,4,125,3806.0,1,1,1,3,1,0,1,2,1,1,1,3
MEB_CM,6,5,178,6241.0,1,1,1,3,0,0,0,0,1,1,1,3
MEB_CM,6,6,414,3235.5,1,1,1,3,1,1,1,3,1,1,1,3
MEB_CM,6,7,115,3650.0,1,1,1,3,0,0,0,0,1,1,1,3
MEB_CM,6,8,253,3556.0,1,1,1,3,1,0,1,2,1,1,1,3
MEB_CM,6,9,1400,2486.0,1,1,1,3,1,1,1,3,1,1,1,3
MEB_CM,6,10,271,2093.0,1,1,1,3,0,0,0,0,1,1,1,3
MEB_CM,6,11,225,1667.0,1,1,1,3,0,0,0,0,1,1,1,3
MEB_CM,6,12,1102,1772.0,1,1,1,3,1,1,1,3,1,1,1,3
MEB_CM,6,13,240,1631.0,1,1,1,3,1,1,0,2,1,1,1,3
MEB_CM,7,0,115,6154.0,1,1,1,3,1,0,1,2,1,1,1,3
MEB_CM,7,1,508,5823.0,1,1,1,3,0,0,0,0,1,1,1,3
MEB_CM,7,2,128,5770.5,1,1,1,3,0,0,0,0,1,1,1,3
MEB_CM,7,3,184,3090.0,1,1,1,3,1,1,1,3,1,1,1,3
MEB_CM,7,4,228,4342.5,1,1,1,3,1,0,0,1,1,1,1,3
MEB_CM,7,5,809,3229.0,1,1,1,3,1,1,1,3,1,1,1,3
MEB_CM,7,6,602,2584.5,1,1,1,3,1,1,1,3,1,1,1,3
MEB_CM,7,7,196,2477.5,1,1,1,3,0,0,0,0,1,1,1,3
MEB_CM,7,8,89,2435.0,1,1,1,3,0,0,1,1,1,1,1,3
MEB_CM,7,9,396,2164.0,1,1,1,3,1,1,1,3,1,1,1,3
MEB_CM,7,10,2247,1764.0,1,1,1,3,1,1,1,3,1,1,1,3
MEB_CM,7,11,662,1438.0,1,1,1,3,0,0,0,0,1,1,1,3
MEB_CM,7,12,5989,904.0,1,1,1,3,1,0,1,2,1,1,1,3
MEB_CM,7,13,3062,1059.0,1,1,1,3,1,1,1,3,1,1,1,3
MEB_CM,7,14,296,965.0,1,1,1,3,0,0,0,0,1,1,1,3
MEB_CM,7,15,363,868.0,1,1,1,3,1,0,0,1,1,1,1,3
MEB_CM,8,0,135,5735.0,1,1,1,3,0,0,1,1,1,1,1,3
MEB_CM,8,1,438,4939.5,1,1,1,3,1,0,1,2,1,1,1,3
MEB_CM,8,2,144,4979.5,1,1,1,3,0,0,0,0,1,1,1,3
MEB_CM,8,3,249,2781.0,1,1,1,3,1,1,1,3,1,1,1,3
MEB_CM,8,4,346,3387.0,1,1,1,3,0,1,0,1,1,1,1,3
MEB_CM,8,5,1154,2544.0,1,1,1,3,0,1,0,1,1,1,1,3
MEB_CM,8,6,747,2238.0,1,1,1,3,1,1,1,3,1,1,1,3
MEB_CM,8,7,283,2121.0,1,1,1,3,0,1,1,2,1,1,1,3
MEB_CM,8,8,90,2118.5,1,1,1,3,1,1,1,3,1,1,1,3
MEB_CM,8,9,893,1757.0,1,1,1,3,0,0,0,0,1,1,1,3
MEB_CM,8,10,3964,1433.5,1,1,1,3,1,1,1,3,1,1,1,3
MEB_CM,8,11,1239,1125.0,1,1,1,3,0,0,0,0,1,1,1,3
MEB_CM,8,12,8562,727.0,1,1,1,3,1,1,1,3,1,1,1,3
MEB_CM,8,13,2306,596.0,1,1,1,3,1,1,1,3,1,1,1,3
MEB_CM,9,0,80,6058.5,0,0,0,0,0,0,0,0,0,0,0,0
MEB_CM,9,1,144,5840.0,1,1,1,3,0,0,0,0,1,1,1,3
MEB_CM,9,2,490,5175.5,1,1,1,3,0,0,0,0,1,1,1,3
MEB_CM,9,3,125,5132.0,1,1,1,3,0,0,0,0,1,1,1,3
MEB_CM,9,4,282,2775.5,1,1,1,3,1,1,1,3,1,1,1,3
MEB_CM,9,5,1164,2457.0,1,1,1,3,1,0,0,1,1,1,1,3
MEB_CM,9,6,359,3117.0,1,1,1,3,1,0,1,2,1,1,1,3
MEB_CM,9,7,888,2136.0,1,1,1,3,1,1,1,3,1,1,1,3
MEB_CM,9,8,311,2081.0,1,1,1,3,1,0,1,2,1,1,1,3
MEB_CM,9,9,781,1736.0,1,1,1,3,0,0,0,0,1,1,1,3
MEB_CM,9,10,4096,1426.0,1,1,1,3,1,1,1,3,1,1,1,3
MEB_CM,9,11,1404,1095.0,1,1,1,3,0,0,0,0,1,1,1,3
MEB_CM,9,12,8768,701.0,1,1,1,3,1,1,1,3,1,1,1,3
MEB_CM,9,13,540,609.0,1,1,1,3,0,0,0,0,1,1,1,3
MEB_CM,10,0,152,5660.0,1,1,1,3,0,0,0,0,1,1,1,3
MEB_CM,10,1,646,4659.5,1,1,1,3,1,0,0,1,1,1,1,3
MEB_CM,10,2,189,4533.0,1,1,1,3,0,0,0,0,1,1,1,3
MEB_CM,10,3,313,2641.0,1,1,1,3,1,1,1,3,1,1,1,3
MEB_CM,10,4,463,2813.0,1,1,1,3,1,1,1,3,1,1,1,3
MEB_CM,10,5,1668,2217.0,1,1,1,3,0,0,0,0,1,1,1,3
MEB_CM,10,6,1271,1998.0,1,1,1,3,1,1,1,3,1,1,1,3
MEB_CM,10,7,487,1887.0,1,1,1,3,1,1,1,3,1,1,1,3
MEB_CM,10,8,431,1528.0,1,1,1,3,0,0,0,0,1,1,1,3
MEB_CM,10,9,5274,1296.0,1,1,1,3,1,1,1,3,1,1,1,3
MEB_CM,10,10,1909,942.0,1,1,1,3,0,1,0,1,1,1,1,3
MEB_CM,10,11,2347,623.0,1,1,1,3,1,1,1,3,1,1,1,3
MEB_CM,11,0,147,5468.0,1,1,1,3,0,0,0,0,1,1,1,3
MEB_CM,11,1,279,5632.0,0,0,0,0,0,0,0,0,0,0,0,0
MEB_CM,11,2,467,4495.0,1,1,1,3,1,0,0,1,1,1,1,3
MEB_CM,11,3,209,4602.0,1,1,1,3,0,0,0,0,1,1,1,3
MEB_CM,11,4,346,2519.0,1,1,1,3,1,1,1,3,1,1,1,3
MEB_CM,11,5,1475,2151.0,1,1,1,3,0,0,0,0,1,1,1,3
MEB_CM,11,6,463,2638.0,1,1,1,3,1,1,1,3,1,1,1,3
MEB_CM,11,7,1040,1935.5,1,1,1,3,1,1,1,3,1,1,1,3
MEB_CM,11,8,446,1816.5,1,1,1,3,1,1,1,3,1,1,1,3
MEB_CM,11,9,123,1817.0,1,1,1,3,1,1,1,3,1,1,1,3
MEB_CM,11,10,6043,1229.0,1,1,1,3,1,1,1,3,1,1,1,3
MEB_CM,11,11,2128,866.0,1,1,1,3,0,0,0,0,1,1,1,3
MEB_CM,12,0,1348,1103.0,1,1,1,3,1,1,1,3,1,1,1,3
MEB_CM,13,0,1197,1009.0,1,1,1,3,0,0,0,0,1,1,1,3
MEB_CM,13,1,1062,847.0,1,1,1,3,0,0,0,0,1,1,1,3
MEB_CM,13,2,1615,865.0,1,1,1,3,0,0,0,0,1,1,1,3
MEB_CM,13,3,193,868.0,1,1,1,3,0,0,0,0,1,1,1,3
MEB_CM,13,4,1706,948.0,1,1,1,3,1,1,1,3,1,1,1,3
MEB_CM,14,0,1246,984.5,1,1,1,3,0,0,1,1,1,1,1,3
MEB_CM,14,1,709,895.0,1,1,1,3,0,0,0,0,1,1,1,3
MEB_CM,14,2,194,894.0,1,1,1,3,0,0,0,0,1,1,1,3
MEB_CM,14,3,1819,825.0,1,1,1,3,1,1,1,3,1,1,1,3
MEB_CM,15,0,779,1229.0,1,1,1,3,0,0,0,0,1,1,1,3
MEB_CM,15,1,351,1165.0,1,1,1,3,0,0,0,0,1,1,1,3
MEB_CM,15,2,91,1146.0,1,1,1,3,0,0,0,0,1,1,1,3
MEB_CM,15,3,927,1077.0,1,1,1,3,0,0,0,0,1,1,1,3
MEB_CM,15,4,450,1010.0,1,1,1,3,0,0,0,0,1,1,1,3
MEB_CM,15,5,722,838.0,1,1,1,3,1,1,1,3,1,1,1,3
MEB_CM,16,0,352,1450.0,1,1,1,3,0,0,0,0,1,1,1,3
MEB_CM,16,1,235,1323.0,1,1,1,3,0,0,0,0,1,1,1,3
MEB_CM,16,2,67,1329.0,1,1,1,3,0,0,0,0,1,1,1,3
MEB_CM,16,3,431,1283.0,1,1,1,3,0,0,0,0,1,1,1,3
MEB_CM,16,4,1062,1142.0,1,1,1,3,1,1,1,3,1,1,1,3
MEB_CM,17,0,64,6292.5,0,0,0,0,0,0,0,0,0,0,0,0
MEB_CM,17,1,68,5181.5,1,1,1,3,0,0,0,0,1,1,1,3
MEB_CM,17,2,88,1256.0,1,1,0,2,0,0,0,0,1,1,1,3
MEB_CM,17,3,91,4735.0,0,0,0,0,0,0,0,0,1,1,0,2
MEB_CM,17,4,142,4162.5,1,1,0,2,0,0,0,0,1,1,1,3
MEB_CM,17,5,673,2972.0,1,1,1,3,0,0,0,0,1,1,1,3
MEB_CM,17,6,311,2945.0,1,0,0,1,0,0,1,1,1,1,1,3
MEB_CM,17,7,65,1953.0,1,1,1,3,0,0,0,0,1,1,1,3
MEB_CM,17,8,129,3142.0,1,1,1,3,0,0,0,0,1,1,1,3
MEB_CM,17,9,162,2598.5,1,1,1,3,0,0,0,0,1,1,1,3
MEB_CM,17,10,124,1911.0,1,1,1,3,0,0,0,0,1,1,1,3
MEB_CM,17,11,136,2017.0,1,1,0,2,0,0,0,0,1,1,1,3
MEB_CM,17,12,1952,1226.0,1,1,1,3,1,1,1,3,1,1,1,3
MEB_CM,17,13,1942,932.0,1,1,1,3,1,1,1,3,1,1,1,3
MEB_CM,18,0,20,2747.0,0,0,0,0,0,0,0,0,0,0,0,0
MEB_CM,18,1,243,2346.0,1,1,1,3,0,0,0,0,1,1,1,3
MEB_CM,18,2,582,2175.0,1,1,1,3,1,1,1,3,1,1,1,3
MEB_CM,18,3,960,1764.0,1,1,1,3,1,1,1,3,1,1,1,3
MEB_CM,18,4,850,1209.0,1,1,1,3,0,0,0,0,1,1,1,3
MEB_CM,18,5,1102,1443.0,1,1,1,3,1,1,1,3,1,1,1,3
MEB_CM,18,6,4108,862.0,1,1,1,3,1,1,1,3,1,1,1,3
MEB_CM,19,0,428,2124.0,1,1,0,2,0,0,0,0,1,1,1,3
MEB_CM,19,1,29,1542.0,1,0,1,2,0,0,0,0,1,1,1,3
MEB_CM,19,2,60,3232.0,0,0,0,0,0,0,0,0,0,0,0,0
MEB_CM,19,3,60,663.0,1,1,1,3,0,0,0,0,1,1,1,3
MEB_CM,19,4,39,3155.0,0,1,0,1,0,0,0,0,0,1,0,1
MEB_CM,19,5,131,2982.0,1,1,1,3,0,0,0,0,1,1,1,3
MEB_CM,19,6,240,2044.5,1,1,1,3,1,1,1,3,1,1,1,3
MEB_CM,19,7,511,1635.0,1,1,1,3,0,0,0,0,1,1,1,3
MEB_CM,19,8,743,1508.0,1,1,1,3,0,0,0,0,1,1,1,3
MEB_CM,19,9,1803,863.0,1,1,1,3,0,0,0,0,1,1,1,3
MEB_CM,19,10,402,839.0,1,1,1,3,1,1,1,3,1,1,1,3
MEB_CM,20,0,482,1461.5,1,1,1,3,0,0,1,1,1,1,1,3
MEB_CM,20,1,588,1288.0,1,1,1,3,1,1,1,3,1,1,1,3
MEB_CM,20,2,913,1221.0,1,1,1,3,1,1,1,3,1,1,1,3
MEB_CM,20,3,402,1162.0,1,1,1,3,0,0,0,0,1,1,1,3
MEB_CM,21,0,648,2730.0,1,1,1,3,1,1,1,3,1,1,1,3
MEB_CM,21,1,1938,1664.0,1,1,1,3,1,0,0,1,1,1,1,3
MEB_CM,21,2,557,1280.0,1,1,1,3,0,0,0,0,1,1,1,3
MEB_CM,21,3,2665,1047.0,1,1,1,3,1,1,1,3,1,1,1,3
MEB_CM,22,0,1061,2016.0,1,1,1,3,1,1,1,3,1,1,1,3
MEB_CM,22,1,166,1192.0,1,1,1,3,0,1,0,1,1,1,1,3
MEB_CM,22,2,4757,1179.0,1,1,1,3,0,0,0,0,1,1,1,3
MEB_CM,22,3,2284,664.0,1,1,1,3,1,1,1,3,1,1,1,3
MEB_CM,22,4,895,1024.0,1,1,1,3,0,0,0,0,1,1,1,3
MEB_CM,23,0,1777,1572.0,1,1,1,3,1,1,1,3,1,1,1,3
MEB_CM,23,1,2325,670.0,1,1,1,3,1,1,1,3,1,1,1,3
MEB_CM,23,2,9702,899.0,1,1,1,3,0,0,0,0,1,1,1,3
MEB_CM,23,3,1015,931.0,1,1,1,3,0,0,0,0,1,1,1,3
MEB_CM,24,0,166,6100.0,0,1,1,2,0,0,0,0,1,1,0,2
MEB_CM,24,1,61,5676.0,1,1,1,3,0,0,0,0,1,1,1,3
MEB_CM,24,2,133,4128.0,1,1,1,3,0,0,0,0,1,1,1,3
MEB_CM,24,3,195,3555.0,0,0,0,0,0,0,0,0,0,0,1,1
MEB_CM,24,4,231,3086.0,1,0,1,2,0,0,0,0,1,1,1,3
MEB_CM,24,5,88,2822.0,1,1,1,3,0,0,0,0,1,1,1,3
MEB_CM,24,6,100,2165.0,1,1,1,3,0,0,0,0,1,1,1,3
MEB_CM,24,7,518,1825.5,1,1,1,3,0,0,0,0,1,1,1,3
MEB_CM,24,8,368,1618.0,1,1,1,3,0,0,0,0,1,1,1,3
MEB_CM,24,9,83,1474.0,0,0,0,0,0,0,0,0,0,0,0,0
MEB_CM,24,10,976,1202.0,1,1,1,3,0,0,0,0,1,1,1,3
MEB_CM,25,0,163,3887.0,1,1,1,3,1,0,0,1,1,1,1,3
MEB_CM,25,1,63,3926.0,1,1,1,3,1,0,0,1,1,1,1,3
MEB_CM,25,2,41,5585.0,1,1,1,3,0,0,0,0,1,1,1,3
MEB_CM,25,3,28,3814.5,1,1,1,3,0,0,0,0,1,1,1,3
MEB_CM,25,4,352,2783.0,1,1,1,3,0,0,0,0,1,1,1,3
MEB_CM,25,5,59,2581.0,1,1,0,2,1,0,1,2,1,1,1,3
MEB_CM,25,6,264,2325.5,1,1,1,3,0,0,0,0,1,1,1,3
MEB_CM,25,7,46,1813.0,0,0,0,0,0,0,0,0,0,0,0,0
MEB_CM,25,8,1554,931.5,1,1,1,3,1,1,1,3,1,1,1,3
MEB_CM,26,0,314,3301.0,1,1,1,3,1,1,1,3,1,1,1,3
MEB_CM,26,1,64,5052.0,1,1,1,3,0,0,0,0,1,1,1,3
MEB_CM,26,2,453,2191.0,1,1,1,3,0,0,1,1,1,1,1,3
MEB_CM,26,3,94,2140.0,1,1,1,3,0,0,0,0,1,1,1,3
MEB_CM,26,4,125,2153.0,1,1,1,3,0,0,0,0,1,1,1,3
MEB_CM,26,5,437,1838.0,1,1,1,3,1,1,1,3,1,1,1,3
MEB_CM,27,0,99,2190.0,1,1,1,3,0,0,0,0,1,1,1,3
MEB_CM,27,1,176,1927.0,1,1,1,3,0,0,0,0,1,1,1,3
MEB_CM,27,2,119,1901.0,1,1,1,3,0,0,0,0,1,1,1,3
MEB_CM,27,3,238,1863.0,1,1,1,3,0,0,0,0,1,1,1,3
MEB_CM,27,4,85,1692.0,1,1,1,3,0,0,0,0,1,1,1,3
MEB_CM,27,5,724,1134.0,1,1,1,3,1,1,1,3,1,1,1,3
MEB_CM,27,6,680,1041.0,1,1,1,3,1,1,1,3,1,1,1,3
MEB_CM,27,7,214,1049.5,1,1,1,3,1,1,0,2,1,1,1,3
MEB_CM,27,8,516,790.0,1,1,1,3,0,0,0,0,1,1,1,3
MEB_CM,28,0,131,1605.0,1,1,1,3,0,0,0,0,1,1,1,3
MEB_CM,28,1,179,1508.0,1,1,1,3,1,1,0,2,1,1,1,3
MEB_CM,28,2,663,1433.0,1,1,1,3,1,1,1,3,1,1,1,3
MEB_CM,28,3,107,1455.0,1,1,1,3,1,1,1,3,1,1,1,3
MEB_CM,28,4,181,1226.0,1,1,1,3,1,1,1,3,1,1,1,3
MEB_CM,28,5,340,5961.5,0,1,1,2,0,0,0,0,1,1,0,2
MEB_CM,29,0,452,862.0,1,1,1,3,1,1,1,3,1,1,1,3
MEB_CM,29,1,742,792.0,1,1,1,3,0,0,0,0,1,1,1,3
MEB_CM,29,2,219,795.0,1,1,1,3,1,1,1,3,1,1,1,3
MEB_CM,30,0,99,8075.0,1,1,1,3,0,0,0,0,1,1,1,3
MEB_CM,30,1,209,6747.0,1,1,1,3,0,0,0,0,1,1,1,3
MEB_CM,30,2,50,8026.0,0,0,0,0,0,0,0,0,0,0,0,0
MEB_CM,30,3,32,6227.0,1,1,1,3,0,0,0,0,1,1,1,3
MEB_CM,30,4,53,4457.0,1,1,1,3,0,0,0,0,1,1,1,3
MEB_CM,30,5,82,6053.5,1,1,1,3,0,0,0,0,1,1,1,3
MEB_CM,30,6,90,3228.5,1,1,1,3,0,0,0,0,1,1,1,3
MEB_CM,30,7,83,1791.0,1,1,1,3,0,0,0,0,1,1,1,3
MEB_CM,30,8,137,1754.0,1,1,1,3,0,0,0,0,1,1,1,3
MEB_CM,30,9,100,1612.0,1,1,1,3,0,0,0,0,1,1,1,3
MEB_CM,30,10,962,1440.0,1,1,1,3,0,0,0,0,1,1,1,3
MEB_CM,30,11,180,1507.0,1,1,1,3,0,0,0,0,1,1,1,3
MEB_CM,30,12,650,737.5,1,1,1,3,1,1,1,3,1,1,1,3
MEB_CM,30,13,450,751.0,1,1,1,3,1,0,1,2,1,1,1,3
MEB_CM,31,0,153,6494.0,1,1,1,3,0,0,0,0,1,1,1,3
MEB_CM,31,1,173,6155.0,1,1,1,3,0,0,0,0,1,1,1,3
MEB_CM,31,2,35,5333.0,1,1,1,3,0,0,0,0,1,1,1,3
MEB_CM,31,3,33,4656.0,1,0,0,1,0,0,0,0,1,0,0,1
MEB_CM,31,4,194,4670.5,1,1,1,3,0,0,0,0,1,1,1,3
MEB_CM,31,5,28,3360.5,0,0,0,0,0,0,0,0,1,0,0,1
MEB_CM,31,6,45,4103.0,1,1,1,3,0,0,0,0,1,1,1,3
MEB_CM,31,7,74,3041.0,1,1,1,3,0,0,0,0,1,1,1,3
MEB_CM,31,8,118,2877.0,1,1,1,3,0,0,0,0,1,1,1,3
MEB_CM,31,9,210,2824.0,1,1,1,3,0,0,0,0,1,1,1,3
MEB_CM,31,10,325,1871.0,1,1,1,3,1,1,1,3,1,1,1,3
MEB_CM,32,0,167,6197.0,1,1,1,3,0,0,0,0,1,1,1,3
MEB_CM,32,1,163,4393.0,1,1,1,3,0,0,0,0,1,1,1,3
MEB_CM,32,2,34,3321.5,1,1,1,3,0,0,0,0,1,1,1,3
MEB_CM,32,3,77,2811.0,1,1,1,3,0,0,0,0,1,1,1,3
MEB_CM,32,4,231,2614.0,1,1,1,3,0,0,0,0,1,1,1,3
MEB_CM,32,5,111,2144.0,1,1,1,3,0,0,0,0,1,1,1,3
MEB_CM,32,6,178,2444.5,1,1,0,2,0,0,0,0,0,1,0,1
MEB_CM,32,7,343,1639.0,1,1,1,3,0,1,0,1,1,1,1,3
MEB_CM,33,0,193,5702.0,1,1,1,3,0,0,0,0,1,1,1,3
MEB_CM,33,1,255,5719.0,1,1,1,3,0,0,0,0,1,1,1,3
MEB_CM,33,2,58,4356.5,1,1,1,3,0,0,0,0,1,1,1,3
MEB_CM,33,3,200,3746.0,1,1,1,3,0,0,0,0,1,1,1,3
MEB_CM,33,4,46,3581.0,1,0,0,1,0,0,0,0,1,1,0,2
MEB_CM,33,5,66,2565.0,1,1,1,3,0,0,0,0,1,1,1,3
MEB_CM,33,6,132,2058.5,1,1,1,3,1,0,0,1,1,1,1,3
MEB_CM,33,7,408,1971.5,1,1,1,3,0,0,0,0,1,1,1,3
MEB_CM,33,8,284,1835.5,1,1,0,2,0,0,0,0,1,1,1,3
MEB_CM,33,9,1029,1057.0,1,1,1,3,1,1,1,3,1,1,1,3
MEB_CM,34,0,141,5557.0,1,1,1,3,0,0,0,0,1,1,1,3
MEB_CM,34,1,143,5182.0,1,1,1,3,0,0,0,0,1,1,1,3
MEB_CM,34,2,45,3878.0,1,1,1,3,0,0,0,0,1,1,1,3
MEB_CM,34,3,104,4820.5,1,1,1,3,0,0,0,0,1,1,1,3
MEB_CM,34,4,57,3905.0,1,0,0,1,0,0,0,0,1,1,1,3
MEB_CM,34,5,180,2906.0,1,1,0,2,1,1,1,3,1,1,1,3
MEB_CM,34,6,156,1997.0,1,1,1,3,1,0,1,2,1,1,1,3
MEB_CM,34,7,402,1940.0,1,1,1,3,0,0,0,0,1,1,1,3
MEB_CM,34,8,211,1542.0,1,0,1,2,1,1,1,3,1,0,0,1
MEB_CM,34,9,100,1631.0,1,1,1,3,0,0,0,0,1,1,1,3
MEB_CM,34,10,132,1224.5,0,0,0,0,1,1,1,3,0,0,0,0
MEB_CM,34,11,1673,906.0,1,1,1,3,0,0,0,0,1,1,1,3
MEB_CM,35,0,129,5860.0,1,1,1,3,0,0,0,0,1,1,1,3
MEB_CM,35,1,35,4935.0,1,1,1,3,0,0,0,0,1,0,1,2
MEB_CM,35,2,183,5850.0,1,1,1,3,0,0,0,0,1,1,1,3
MEB_CM,35,3,99,4820.0,1,1,1,3,0,0,0,0,1,1,1,3
MEB_CM,35,4,37,3691.0,1,0,0,1,0,0,0,0,1,1,1,3
MEB_CM,35,5,152,2976.0,1,1,1,3,0,0,0,0,1,1,1,3
MEB_CM,35,6,423,1753.0,1,1,1,3,0,0,0,0,1,1,1,3
MEB_CM,35,7,189,1724.0,1,1,1,3,0,1,1,2,1,1,1,3
MEB_CM,35,8,37,1040.0,0,0,0,0,0,0,0,0,0,0,0,0
MEB_CM,35,9,1092,786.0,1,1,1,3,0,0,0,0,1,1,1,3
MEB_CM,36,0,108,2146.0,1,1,1,3,0,0,0,0,1,1,1,3
MEB_CM,36,1,676,2012.0,1,1,1,3,1,0,0,1,1,1,1,3
MEB_CM,36,2,1104,1590.0,1,1,1,3,1,1,1,3,1,1,1,3
MEB_CM,36,3,2748,985.0,1,1,1,3,1,1,1,3,1,1,1,3
MEB_CM,37,0,536,2816.0,1,1,1,3,0,0,0,0,1,1,1,3
MEB_CM,37,1,169,3090.0,1,1,1,3,0,0,0,0,1,1,1,3
MEB_CM,37,2,573,2496.0,1,1,1,3,1,1,1,3,1,1,1,3
MEB_CM,37,3,720,2914.5,1,1,1,3,0,0,0,0,1,1,1,3
MEB_CM,37,4,219,2147.0,1,1,1,3,0,0,0,0,1,1,1,3
MEB_CM,37,5,1207,2128.0,1,1,1,3,0,0,0,0,1,1,1,3
MEB_CM,37,6,336,1554.5,1,1,1,3,1,1,1,3,1,1,1,3
MEB_CM,37,7,437,1737.0,1,1,1,3,0,1,0,1,1,1,1,3
MEB_CM,37,8,649,1393.0,1,1,1,3,1,1,1,3,1,1,1,3
MEB_CM,37,9,2657,931.0,1,1,1,3,1,1,1,3,1,1,1,3
MEB_CM,38,0,41,3146.0,1,1,1,3,0,0,0,0,1,1,1,3
MEB_CM,38,1,781,2246.0,1,1,1,3,1,0,0,1,1,1,1,3
MEB_CM,38,2,423,2316.0,1,1,1,3,1,1,1,3,1,1,1,3
MEB_CM,38,3,377,2217.0,1,1,1,3,0,0,0,0,1,1,1,3
MEB_CM,38,4,384,2058.0,1,1,1,3,0,0,0,0,1,1,1,3
MEB_CM,38,5,239,1969.0,1,1,1,3,0,0,0,0,1,1,1,3
MEB_CM,38,6,1981,1416.0,1,1,1,3,1,1,1,3,1,1,1,3
MEB_CM,38,7,152,1306.0,1,1,1,3,0,0,0,0,1,1,1,3
MEB_CM,38,8,554,1364.0,1,1,1,3,0,0,0,0,1,1,1,3
MEB_CM,38,9,154,1242.0,1,1,1,3,0,1,0,1,1,1,1,3
MEB_CM,38,10,273,759.0,1,1,1,3,1,1,1,3,1,1,1,3
MEB_CM,39,0,134,3797.5,1,1,1,3,1,1,1,3,1,1,1,3
MEB_CM,39,1,22,3669.0,1,1,1,3,0,0,0,0,1,1,1,3
MEB_CM,39,2,41,3351.0,1,1,1,3,0,0,0,0,1,1,1,3
MEB_CM,39,3,186,3793.5,1,1,1,3,0,0,0,0,1,1,1,3
MEB_CM,39,4,284,3074.0,1,1,1,3,0,0,0,0,1,1,1,3
MEB_CM,39,5,1231,1852.0,1,1,1,3,1,1,1,3,1,1,1,3
MEB_CM,39,6,329,1734.0,1,1,1,3,0,0,0,0,1,1,1,3
MEB_CM,39,7,1645,1660.0,1,1,1,3,0,0,1,1,1,1,1,3
MEB_CM,39,8,2295,1259.0,1,1,1,3,1,1,1,3,1,1,1,3
MEB_CM,39,9,144,1185.0,1,1,1,3,1,1,1,3,1,1,1,3
MEB_CM,39,10,217,1106.0,1,1,1,3,1,1,1,3,1,1,1,3
MEB_CM,39,11,290,587.0,1,1,1,3,0,0,0,0,1,1,1,3
MEB_CM,40,0,139,5617.0,1,1,1,3,0,0,0,0,1,1,1,3
MEB_CM,40,1,71,5653.0,1,1,1,3,0,0,0,0,1,1,1,3
MEB_CM,40,2,86,4073.0,1,1,1,3,0,0,0,0,1,1,1,3
MEB_CM,40,3,238,3748.5,1,1,1,3,0,0,0,0,1,1,1,3
MEB_CM,40,4,274,3279.0,1,1,1,3,0,0,1,1,1,1,1,3
MEB_CM,40,5,298,3643.0,1,1,1,3,1,1,1,3,1,1,1,3
MEB_CM,40,6,27,3601.0,1,1,1,3,0,0,0,0,1,1,1,3
MEB_CM,40,7,136,2707.0,1,1,1,3,1,1,1,3,1,1,1,3
MEB_CM,40,8,49,2768.0,1,1,1,3,0,0,0,0,1,1,1,3
MEB_CM,40,9,2702,1274.0,1,1,1,3,0,1,0,1,1,1,1,3
MEB_CM,40,10,440,2402.0,1,1,1,3,0,1,1,2,1,1,1,3
MEB_CM,41,0,171,3476.0,1,1,1,3,0,0,0,0,1,1,1,3
MEB_CM,41,1,410,2763.5,1,1,1,3,0,1,0,1,1,1,1,3
MEB_CM,41,2,64,2301.5,1,1,1,3,0,0,0,0,1,1,1,3
MEB_CM,41,3,270,2137.0,1,1,1,3,0,0,0,0,1,1,1,3
MEB_CM,41,4,60,2106.5,1,1,1,3,0,0,0,0,1,1,1,3
MEB_CM,41,5,669,1408.0,1,1,1,3,0,0,0,0,1,1,1,3
MEB_CM,41,6,3630,1228.0,1,1,1,3,1,1,1,3,1,1,1,3
MEB_CM,41,7,395,993.0,1,1,1,3,1,1,1,3,1,1,1,3
MEB_CM,41,8,1184,797.0,1,1,1,3,1,1,1,3,1,1,1,3
MEB_CM,42,0,128,3139.5,1,1,1,3,0,0,0,0,1,1,1,3
MEB_CM,42,1,398,2590.5,1,1,1,3,0,0,0,0,1,1,1,3
MEB_CM,42,2,457,2006.0,1,1,1,3,1,1,1,3,1,1,1,3
MEB_CM,42,3,98,2090.5,1,1,1,3,0,0,0,0,1,1,1,3
MEB_CM,42,4,102,1920.0,1,1,1,3,0,0,0,0,1,1,1,3
MEB_CM,42,5,820,1277.0,1,1,1,3,0,0,0,0,1,1,1,3
MEB_CM,42,6,5265,1085.0,1,1,1,3,1,1,1,3,1,1,1,3
MEB_CM,42,7,651,854.0,1,1,1,3,1,1,1,3,1,1,1,3
MEB_CM,43,0,2435,761.0,1,1,1,3,1,1,1,3,1,1,1,3
MEB_CM,43,1,539,802.0,1,1,1,3,1,1,1,3,1,1,1,3
MEB_CM,43,2,208,762.0,1,1,1,3,0,0,0,0,1,1,0,2
MEB_CM,44,0,123,9853.0,0,0,1,1,0,0,0,0,1,1,0,2
MEB_CM,44,1,77,6236.0,1,1,1,3,0,0,0,0,1,1,1,3
MEB_CM,44,2,60,5775.0,1,1,1,3,0,0,0,0,1,1,1,3
MEB_CM,44,3,185,4892.0,1,1,1,3,0,0,0,0,1,1,1,3
MEB_CM,44,4,46,4981.5,1,0,0,1,0,0,0,0,1,0,0,1
MEB_CM,44,5,33,3029.0,1,1,1,3,0,0,0,0,1,1,1,3
MEB_CM,44,6,326,2925.5,1,1,1,3,0,0,0,0,1,1,1,3
MEB_CM,44,7,1087,2092.0,1,1,1,3,1,1,1,3,1,1,1,3
MEB_CM,44,8,221,2237.0,1,1,1,3,1,1,1,3,1,1,1,3
MEB_CM,44,9,1015,1516.0,1,1,1,3,0,0,0,0,1,1,1,3
MEB_CM,44,10,192,1303.0,1,1,1,3,0,0,0,0,1,1,1,3
MEB_CM,44,11,1605,986.0,1,1,1,3,0,0,0,0,1,1,1,3
MEB_CM,44,12,589,830.0,1,1,1,3,1,1,1,3,1,1,1,3
MEB_CM,44,13,1270,747.0,1,1,1,3,1,1,1,3,1,1,1,3
MEB_CM,45,0,203,4871.0,1,1,1,3,0,0,0,0,1,1,1,3
MEB_CM,45,1,38,7503.5,1,0,0,1,0,0,0,0,1,1,0,2
MEB_CM,45,2,100,5145.0,1,0,0,1,0,0,0,0,0,1,1,2
MEB_CM,45,3,62,8481.5,1,1,1,3,0,0,0,0,1,1,1,3
MEB_CM,45,4,253,4235.0,1,1,1,3,0,0,0,0,1,1,1,3
MEB_CM,45,5,198,5857.0,1,0,0,1,0,0,0,0,0,1,1,2
MEB_CM,45,6,42,7830.0,1,1,0,2,0,0,0,0,1,1,1,3
MEB_CM,45,7,71,6036.0,0,0,1,1,0,0,0,0,1,1,1,3
MEB_CM,45,8,88,3741.5,1,1,1,3,0,0,1,1,1,1,1,3
MEB_CM,45,9,62,4835.0,1,1,1,3,0,0,0,0,1,1,1,3
MEB_CM,45,10,183,3325.0,1,1,1,3,0,1,0,1,1,1,1,3
MEB_CM,45,11,96,3266.0,1,1,1,3,0,1,0,1,1,1,1,3
MEB_CM,45,12,48,3119.5,1,1,1,3,0,1,0,1,1,1,1,3
MEB_CM,45,13,134,1397.0,1,1,1,3,0,0,0,0,1,1,1,3
MEB_CM,45,14,1602,1422.0,1,1,1,3,1,1,1,3,1,1,1,3
MEB_CM,45,15,1615,940.0,1,1,1,3,1,1,1,3,1,1,1,3
MEB_CM,46,0,70,4813.5,1,1,1,3,0,0,1,1,1,1,1,3
MEB_CM,46,1,221,4346.0,1,1,1,3,0,0,1,1,1,1,1,3
MEB_CM,46,2,42,7169.0,1,1,1,3,0,0,0,0,1,1,1,3
MEB_CM,46,3,56,4652.5,1,1,1,3,0,0,0,0,1,1,1,3
MEB_CM,46,4,364,3634.5,1,1,1,3,0,0,0,0,1,1,1,3
MEB_CM,46,5,75,7754.0,0,1,1,2,0,0,0,0,1,1,1,3
MEB_CM,46,6,176,4897.0,1,1,1,3,0,0,0,0,1,1,1,3
MEB_CM,46,7,41,6556.0,1,1,0,2,0,0,0,0,1,1,0,2
MEB_CM,46,8,81,5386.0,1,1,1,3,0,0,0,0,1,1,1,3
MEB_CM,46,9,122,3134.0,1,1,1,3,0,0,0,0,1,1,1,3
MEB_CM,46,10,61,4094.0,1,1,1,3,0,0,0,0,1,1,1,3
MEB_CM,46,11,423,2753.0,1,1,1,3,1,1,0,2,1,1,1,3
MEB_CM,46,12,62,2627.0,1,1,1,3,0,0,0,0,1,1,1,3
MEB_CM,46,13,3939,1038.0,1,1,1,3,1,1,1,3,1,1,1,3
MEB_CM,46,14,219,2777.0,1,1,0,2,0,0,0,0,1,1,0,2
MEB_CM,46,15,3433,1318.0,1,1,1,3,1,1,1,3,1,1,0,2
MEB_CM,47,0,135,3789.0,1,1,1,3,0,0,1,1,1,1,1,3
MEB_CM,47,1,378,3113.0,1,1,1,3,1,1,1,3,1,1,1,3
MEB_CM,47,2,158,5597.0,1,0,1,2,0,0,0,0,1,1,1,3
MEB_CM,47,3,43,3061.0,1,1,1,3,0,0,0,0,1,1,1,3
MEB_CM,47,4,147,3229.0,1,1,1,3,0,0,0,0,1,1,1,3
MEB_CM,47,5,106,6675.5,1,1,1,3,0,0,0,0,1,1,1,3
MEB_CM,47,6,807,2425.0,1,1,1,3,0,0,0,0,1,1,1,3
MEB_CM,47,7,421,3851.0,1,1,1,3,0,0,0,0,1,1,1,3
MEB_CM,47,8,76,5608.5,1,1,1,3,0,0,0,0,1,1,1,3
MEB_CM,47,9,95,4378.0,1,1,1,3,0,0,0,0,1,1,1,3
MEB_CM,47,10,309,2126.0,1,1,1,3,0,0,0,0,1,1,1,3
MEB_CM,47,11,123,3053.0,1,1,1,3,0,1,1,2,1,1,1,3
MEB_CM,47,12,1046,1854.0,1,1,1,3,0,0,0,0,1,1,1,3
MEB_CM,47,13,43,3097.0,0,0,0,0,0,0,0,0,0,0,0,0
MEB_CM,47,14,103,1769.0,1,1,1,3,0,0,0,0,1,1,1,3
MEB_CM,47,15,97,1654.0,1,1,1,3,0,0,0,0,1,1,1,3
MEB_CM,47,16,771,1293.0,1,1,1,3,0,0,0,0,1,1,1,3
MEB_CM,47,17,99,1401.0,0,0,0,0,0,0,0,0,0,0,0,0
MEB_CM,48,0,610,2825.5,1,1,1,3,1,1,1,3,1,1,1,3
MEB_CM,48,1,153,3498.0,1,1,1,3,0,0,1,1,1,1,1,3
MEB_CM,48,2,160,4906.5,1,1,1,3,0,0,0,0,1,1,1,3
MEB_CM,48,3,168,2796.0,1,1,1,3,0,0,0,0,1,1,1,3
MEB_CM,48,4,148,6000.0,1,1,1,3,0,0,0,0,1,1,1,3
MEB_CM,48,5,1582,2102.5,1,1,1,3,0,0,0,0,1,1,1,3
MEB_CM,48,6,638,3311.0,1,1,1,3,0,0,0,0,1,1,1,3
MEB_CM,48,7,93,5024.0,1,1,1,3,0,0,0,0,1,1,1,3
MEB_CM,48,8,119,3688.0,1,1,1,3,0,0,0,0,1,1,1,3
MEB_CM,48,9,465,1772.0,1,1,1,3,0,0,0,0,1,1,1,3
MEB_CM,48,10,239,2577.0,1,1,1,3,0,1,0,1,1,1,1,3
MEB_CM,48,11,151,3672.0,1,1,1,3,0,0,0,0,1,1,1,3
MEB_CM,48,12,919,1449.0,1,1,1,3,1,1,0,2,1,1,1,3
MEB_CM,48,13,689,1488.0,1,1,1,3,1,1,0,2,1,1,1,3
MEB_CM,48,14,163,1390.0,1,1,1,3,0,0,0,0,1,1,1,3
MEB_CM,48,15,1348,1501.0,1,1,1,3,1,1,0,2,1,1,1,3
MEB_CM,48,16,205,1262.0,1,1,1,3,0,0,0,0,1,1,1,3
MEB_CM,48,17,391,1297.0,1,1,1,3,0,0,0,0,1,1,1,3
MEB_CM,49,0,441,3603.0,1,1,1,3,0,1,1,2,1,1,1,3
MEB_CM,49,1,115,5031.0,1,0,1,2,0,0,0,0,1,1,1,3
MEB_CM,49,2,331,2122.0,1,1,1,3,1,1,1,3,1,1,1,3
MEB_CM,49,3,146,5143.0,1,1,1,3,0,0,0,0,1,1,1,3
MEB_CM,49,4,1454,1558.5,1,1,1,3,1,1,1,3,1,1,1,3
MEB_CM,49,5,139,3761.0,1,1,1,3,0,0,0,0,1,1,1,3
MEB_CM,49,6,1607,2098.0,1,1,1,3,0,0,0,0,1,1,1,3
MEB_CM,49,7,210,1502.0,1,1,1,3,0,0,0,0,1,1,1,3
MEB_CM,49,8,481,1564.0,1,1,1,3,1,1,0,2,1,1,1,3
MEB_CM,49,9,246,2489.5,1,1,1,3,0,0,0,0,1,1,1,3
MEB_CM,49,10,8643,964.0,1,1,1,3,1,1,1,3,1,1,1,3
MEB_CM,49,11,46,3602.0,0,0,0,0,0,0,0,0,0,0,0,0
MEB_CM,49,12,469,2351.0,1,1,1,3,0,0,0,0,1,1,1,3
MEB_CM,49,13,511,1927.0,1,1,1,3,0,0,0,0,1,1,1,3
MEB_CM,49,14,669,1507.0,1,1,1,3,0,0,0,0,1,1,1,3
MEB_CM,50,0,39,2894.0,1,1,1,3,0,0,0,0,1,1,1,3
MEB_CM,50,1,45,3050.0,1,1,1,3,0,0,0,0,1,1,1,3
MEB_CM,50,2,76,2857.0,1,1,1,3,0,0,0,0,1,1,1,3
MEB_CM,50,3,1902,1787.0,1,1,1,3,0,0,0,0,1,1,1,3
MEB_CM,50,4,202,2799.5,1,1,1,3,0,0,0,0,1,1,1,3
MEB_CM,50,5,32,4370.0,1,0,0,1,0,0,0,0,1,1,0,2
MEB_CM,50,6,26,3582.0,1,1,1,3,0,0,0,0,0,1,1,2
MEB_CM,50,7,404,1945.0,1,1,1,3,0,0,0,0,1,1,1,3
MEB_CM,50,8,59,2366.0,0,1,1,2,0,0,0,0,1,1,1,3
MEB_CM,50,9,567,1816.0,1,1,1,3,0,0,0,0,1,1,1,3
MEB_CM,50,10,456,1694.0,1,1,1,3,0,0,0,0,1,1,1,3
MEB_CM,51,0,67,2625.0,1,1,1,3,0,0,0,0,1,1,1,3
MEB_CM,51,1,381,2681.0,1,1,1,3,0,1,0,1,1,1,1,3
MEB_CM,51,2,2464,1608.0,1,1,1,3,0,0,0,0,1,1,1,3
MEB_CM,51,3,274,2432.0,1,1,1,3,1,1,1,3,1,1,1,3
MEB_CM,51,4,70,2839.0,1,1,1,3,0,0,0,0,0,1,1,2
MEB_CM,51,5,654,1633.0,1,1,1,3,0,0,0,0,1,1,1,3
MEB_CM,52,0,514,2608.0,1,1,1,3,0,0,0,0,1,1,1,3
MEB_CM,52,1,2678,1549.0,1,1,1,3,0,0,0,0,1,1,1,3
MEB_CM,52,2,325,2410.0,1,1,1,3,0,0,0,0,1,1,1,3
MEB_CM,52,3,671,1599.0,1,1,1,3,0,0,0,0,1,1,1,3
MEB_CM,53,0,125,4101.0,0,1,0,1,0,0,0,0,0,0,0,0
MEB_CM,53,1,293,4275.0,1,1,1,3,0,0,0,0,1,1,1,3
MEB_CM,53,2,99,4039.0,1,0,0,1,0,0,0,0,0,0,0,0
MEB_CM,53,3,95,2395.0,1,1,1,3,0,0,0,0,0,0,1,1
MEB_CM,53,4,100,4112.0,0,0,0,0,0,0,0,0,0,1,0,1
MEB_CM,53,5,94,1571.5,1,1,1,3,0,0,0,0,1,1,1,3
MEB_CM,53,6,68,7871.5,0,0,0,0,0,0,0,0,0,0,0,0
MEB_CM,53,7,158,6395.0,1,1,1,3,0,0,0,0,1,1,1,3
MEB_CM,53,8,60,7181.5,1,1,1,3,0,0,0,0,1,1,1,3
MEB_CM,53,9,1132,1573.0,1,1,1,3,0,1,0,1,1,1,1,3
MEB_CM,53,10,67,5653.0,1,1,1,3,0,0,0,0,1,1,1,3
MEB_CM,53,11,48,7344.5,1,1,0,2,0,0,0,0,0,1,1,2
MEB_CM,53,12,116,3572.0,1,1,1,3,0,0,0,0,1,1,1,3
MEB_CM,53,13,237,5300.0,1,1,1,3,0,0,0,0,1,1,1,3
MEB_CM,53,14,426,3195.0,1,1,1,3,0,0,0,0,1,1,1,3
MEB_CM,53,15,337,2178.0,1,1,1,3,0,0,0,0,1,1,1,3
MEB_CM,53,16,186,2717.5,1,1,1,3,0,0,0,0,1,1,1,3
MEB_CM,53,17,776,2364.0,1,1,1,3,0,0,0,0,1,1,1,3
MEB_CM,53,18,1583,1173.0,1,1,1,3,1,1,1,3,1,1,1,3
MEB_CM,53,19,4327,1398.0,1,1,1,3,0,0,0,0,1,1,1,3
MEB_CM,53,20,452,1760.0,1,1,1,3,0,0,0,0,1,1,1,3
MEB_CM,53,21,100,1768.0,1,1,1,3,0,0,0,0,1,1,1,3
MEB_CM,54,0,439,1966.0,1,1,1,3,0,0,0,0,1,1,1,3
MEB_CM,54,1,720,1854.5,1,1,1,3,0,0,0,0,1,1,1,3
MEB_CM,54,2,191,2304.0,1,1,1,3,0,0,0,0,1,1,1,3
MEB_CM,54,3,1146,1184.0,1,1,1,3,0,0,0,0,1,1,1,3
MEB_CM,55,0,831,2428.0,1,1,1,3,1,1,1,3,1,1,1,3
MEB_CM,55,1,3155,1596.0,1,1,1,3,0,0,0,0,1,1,1,3
MEB_CM,55,2,514,1384.0,1,1,1,3,0,0,0,0,1,1,1,3
MEB_CM,56,0,320,3100.0,1,0,0,1,0,0,0,0,0,1,0,1
MEB_CM,56,1,333,2895.0,1,1,1,3,0,0,0,0,1,1,1,3
MEB_CM,56,2,530,2180.0,1,1,0,2,0,0,0,0,0,1,1,2
MEB_CM,56,3,132,2680.0,1,1,0,2,0,0,0,0,1,1,1,3
MEB_CM,56,4,273,1385.0,1,0,0,1,0,0,0,0,0,0,0,0
MEB_CM,57,0,446,3287.5,1,1,1,3,1,1,1,3,1,1,1,3
MEB_CM,57,1,105,2150.0,0,0,0,0,0,0,0,0,0,1,0,1
MEB_CM,57,2,359,2476.0,1,1,0,2,1,1,1,3,1,1,1,3
MEB_CM,57,3,104,2003.0,0,0,0,0,0,0,0,0,0,0,0,0
MEB_CM,57,4,127,1838.0,1,1,1,3,0,0,0,0,1,1,1,3
MEB_CM,57,5,74,1825.0,1,1,1,3,0,0,0,0,1,1,1,3
MEB_CM,57,6,88,2372.5,1,1,0,2,0,0,0,0,1,1,1,3
MEB_CM,57,7,657,2173.0,1,1,1,3,0,0,0,0,1,1,0,2
MEB_CM,57,8,1032,1634.5,1,1,0,2,0,0,0,0,0,1,0,1
MEB_CM,57,9,987,722.0,1,1,1,3,0,0,0,0,1,1,1,3
MEB_CM,58,0,109,2716.0,1,1,1,3,0,0,0,0,1,1,1,3
MEB_CM,58,1,218,2656.0,1,1,1,3,0,0,0,0,1,1,1,3
MEB_CM,58,2,58,2458.5,1,1,1,3,0,0,0,0,1,1,1,3
MEB_CM,58,3,37,2886.0,1,1,1,3,0,0,0,0,1,1,1,3
MEB_CM,58,4,59,3111.0,0,1,0,1,0,0,0,0,0,1,1,2
MEB_CM,58,5,109,1617.0,1,1,1,3,0,0,0,0,1,1,1,3
MEB_CM,58,6,492,1789.0,1,1,1,3,0,0,0,0,1,1,1,3
MEB_CM,58,7,121,1491.0,1,1,1,3,0,0,0,0,1,1,1,3
MEB_CM,58,8,100,1382.5,1,1,1,3,0,0,0,0,1,1,1,3
MEB_CM,58,9,65,1762.0,1,1,1,3,0,0,0,0,1,1,1,3
MEB_CM,58,10,231,1307.0,1,1,1,3,0,0,0,0,1,1,1,3
MEB_CM,58,11,112,1307.0,1,1,1,3,0,0,0,0,1,1,1,3
MEB_CM,58,12,1258,1286.0,0,0,0,0,0,0,0,0,0,0,1,1
MEB_CM,59,0,263,1686.0,1,1,1,3,0,0,0,0,1,1,1,3
MEB_CM,59,1,452,1643.5,1,1,1,3,0,0,0,0,1,1,1,3
MEB_CM,59,2,133,1767.0,1,1,1,3,0,0,0,0,1,1,1,3
MEB_CM,59,3,150,1448.0,1,1,1,3,0,0,0,0,1,1,1,3
MEB_CM,59,4,354,937.0,1,1,1,3,0,0,0,0,1,1,1,3
MEB_CM,60,0,38,4553.0,1,1,1,3,0,0,0,0,1,1,1,3
MEB_CM,60,1,183,6151.0,1,1,1,3,0,0,0,0,1,1,1,3
MEB_CM,60,2,132,4948.0,1,0,1,2,0,0,0,0,1,0,1,2
MEB_CM,60,3,271,3857.0,1,1,1,3,0,0,0,0,1,1,1,3
MEB_CM,60,4,268,1949.0,0,0,0,0,0,0,0,0,0,0,0,0
MEB_CM,60,5,75,2981.0,1,1,1,3,0,0,0,0,1,1,1,3
MEB_CM,60,6,381,2382.0,1,1,1,3,0,0,0,0,1,1,1,3
MEB_CM,60,7,125,2567.0,1,1,1,3,0,0,0,0,1,1,1,3
MEB_CM,60,8,560,1453.0,1,1,1,3,0,1,0,1,1,1,1,3
MEB_CM,61,0,100,3644.5,1,1,1,3,0,0,0,0,1,1,1,3
MEB_CM,61,1,65,2278.0,1,1,1,3,0,0,0,0,1,1,1,3
MEB_CM,61,2,234,4888.0,1,1,1,3,0,0,0,0,1,1,1,3
MEB_CM,61,3,296,3946.5,1,0,1,2,0,0,0,0,1,1,1,3
MEB_CM,61,4,362,2879.5,1,1,1,3,1,1,1,3,1,1,1,3
MEB_CM,61,5,552,1230.0,1,1,1,3,0,0,0,0,1,1,1,3
MEB_CM,61,6,136,2022.5,1,1,1,3,0,0,0,0,1,1,1,3
MEB_CM,61,7,849,1503.0,1,1,1,3,0,0,0,0,1,1,1,3
MEB_CM,61,8,294,1632.0,1,1,1,3,0,0,0,0,1,1,1,3
MEB_CM,62,0,982,2511.0,1,1,1,3,0,0,0,0,1,1,1,3
MEB_CM,62,1,238,2656.0,1,1,1,3,0,0,0,0,1,1,1,3
MEB_CM,62,2,435,2502.0,1,1,1,3,0,0,1,1,1,1,1,3
MEB_CM,62,3,2535,1684.0,1,1,1,3,0,0,0,0,1,1,1,3
MEB_CM,62,4,473,2214.0,1,1,1,3,0,0,0,0,1,1,1,3
MEB_CM,62,5,1573,2123.0,1,1,1,3,0,0,0,0,1,1,1,3
MEB_CM,62,6,1048,1382.0,1,1,1,3,0,0,0,0,1,1,1,3
MEB_CM,62,7,534,1728.0,1,1,1,3,0,0,0,0,1,1,1,3
MEB_CM,63,0,54,5757.0,1,1,1,3,0,0,0,0,1,1,1,3
MEB_CM,63,1,71,6404.0,0,1,0,1,0,0,0,0,1,0,0,1
MEB_CM,63,2,22,5920.0,1,1,1,3,0,0,0,0,1,1,1,3
MEB_CM,63,3,334,4284.0,1,1,1,3,0,0,0,0,1,1,1,3
MEB_CM,63,4,29,6331.0,1,1,1,3,0,0,0,0,1,1,1,3
MEB_CM,63,5,62,5528.0,1,1,1,3,0,0,0,0,1,1,1,3
MEB_CM,63,6,34,3393.0,1,0,1,2,0,0,0,0,1,1,1,3
MEB_CM,63,7,134,4824.0,1,1,1,3,0,0,0,0,1,1,1,3
MEB_CM,63,8,169,5842.0,1,1,1,3,0,0,0,0,1,1,1,3
MEB_CM,63,9,55,4775.0,1,1,1,3,0,0,0,0,1,1,1,3
MEB_CM,63,10,265,3488.0,1,1,1,3,0,0,0,0,1,1,1,3
MEB_CM,63,11,85,3971.0,1,1,1,3,0,0,0,0,1,1,1,3
MEB_CM,63,12,1918,1419.0,1,1,1,3,1,0,0,1,1,1,1,3
MEB_CM,63,13,121,1702.0,1,1,1,3,0,0,0,0,1,1,1,3
MEB_CM,63,14,1442,1157.0,1,1,1,3,0,0,0,0,1,1,1,3
MEB_CM,63,15,160,1394.0,1,1,1,3,1,0,1,2,1,1,1,3
MEB_CM,63,16,129,1571.0,1,1,1,3,0,0,0,0,1,1,1,3
MEB_CM,63,17,205,1719.0,1,1,1,3,0,0,0,0,1,1,1,3
MEB_CM,64,0,173,3055.0,1,1,1,3,0,0,0,0,1,1,1,3
MEB_CM,64,1,625,2706.0,1,1,1,3,0,0,0,0,1,1,1,3
MEB_CM,64,2,484,2243.5,1,1,1,3,0,0,0,0,1,1,1,3
MEB_CM,64,3,154,2122.0,1,1,1,3,0,0,0,0,1,1,1,3
MEB_CM,64,4,174,2274.5,1,1,1,3,0,0,0,0,1,1,1,3
MEB_CM,64,5,913,1495.0,1,1,1,3,0,0,0,0,1,1,1,3
MEB_CM,64,6,3380,1284.5,1,1,1,3,0,1,0,1,1,1,1,3
MEB_CM,64,7,1690,822.0,0,1,1,2,0,0,0,0,1,1,1,3
MEB_CM,64,8,548,1089.0,1,1,1,3,0,0,0,0,1,1,1,3
MEB_CM,65,0,880,2138.0,0,0,0,0,0,0,0,0,0,0,0,0
MEB_CM,65,1,8890,994.0,1,1,1,3,0,0,1,1,1,1,1,3
MEB_CM,66,0,59,7230.0,1,1,1,3,0,0,0,0,1,1,1,3
MEB_CM,66,1,77,7792.0,1,1,1,3,0,0,0,0,0,1,1,2
MEB_CM,66,2,149,5252.0,1,1,1,3,0,0,0,0,1,1,1,3
MEB_CM,66,3,242,5753.0,0,1,1,2,0,0,0,0,1,1,1,3
MEB_CM,66,4,107,3408.0,1,1,1,3,0,0,0,0,1,1,1,3
MEB_CM,66,5,357,3376.0,1,1,1,3,0,0,0,0,1,1,1,3
MEB_CM,66,6,143,3558.0,1,1,1,3,0,0,0,0,1,1,1,3
MEB_CM,66,7,2594,1234.0,1,1,1,3,1,1,1,3,1,1,1,3
MEB_CM,67,0,156,6757.5,1,1,1,3,0,0,0,0,1,1,1,3
MEB_CM,67,1,58,5859.0,1,1,1,3,0,0,0,0,1,1,1,3
MEB_CM,67,2,106,4493.5,1,1,1,3,0,0,0,0,1,1,1,3
MEB_CM,67,3,274,5483.5,1,0,1,2,0,0,0,0,1,1,1,3
MEB_CM,67,4,188,3434.5,1,1,1,3,0,0,0,0,1,1,1,3
MEB_CM,67,5,446,4268.5,1,1,1,3,0,0,0,0,1,1,1,3
MEB_CM,67,6,138,3979.5,1,1,1,3,0,0,0,0,1,1,1,3
MEB_CM,67,7,136,3339.5,1,1,1,3,0,0,1,1,1,1,1,3
MEB_CM,67,8,528,3232.0,1,1,1,3,1,1,1,3,1,1,1,3
MEB_CM,67,9,933,2046.0,1,1,1,3,0,0,1,1,1,1,1,3
MEB_CM,67,10,214,1995.0,1,1,1,3,0,0,0,0,1,1,1,3
MEB_CM,67,11,1227,2400.0,1,1,1,3,1,0,0,1,1,1,1,3
MEB_CM,67,12,334,2203.5,1,1,1,3,0,0,0,0,1,1,1,3
MEB_CM,68,0,172,3190.0,1,1,1,3,0,0,0,0,1,1,1,3
MEB_CM,68,1,688,1478.0,0,0,0,0,0,0,0,0,0,0,0,0
MEB_CM,68,2,192,2926.5,1,1,1,3,0,0,0,0,1,1,1,3
MEB_CM,68,3,263,2711.0,1,1,1,3,0,0,0,0,1,1,1,3
MEB_CM,68,4,391,1913.0,1,1,1,3,0,0,0,0,1,1,1,3
MEB_CM,68,5,3089,1093.0,1,1,1,3,1,1,1,3,1,1,1,3
MEB_CM,68,6,125,2589.0,1,1,1,3,0,0,0,0,1,1,1,3
MEB_CM,69,0,350,3976.0,1,1,1,3,1,1,1,3,1,1,1,3
MEB_CM,69,1,464,3317.5,1,1,1,3,0,0,0,0,1,1,1,3
MEB_CM,69,2,625,2080.0,1,1,1,3,1,1,1,3,1,1,1,3
MEB_CM,69,3,142,3120.0,1,1,1,3,0,0,0,0,1,1,1,3
MEB_CM,69,4,305,1238.0,1,1,1,3,0,0,0,0,1,1,1,3
MEB_CM,69,5,1119,817.0,1,1,1,3,1,1,1,3,1,1,1,3
MEB_CM,69,6,3241,716.0,1,1,1,3,0,0,0,0,1,1,1,3
MEB_CM,69,7,209,1618.0,1,1,1,3,0,0,0,0,1,1,1,3
MEB_CM,70,0,154,1678.0,0,0,0,0,0,0,0,0,0,1,0,1
MEB_CM,70,1,3419,493.0,1,1,1,3,1,0,1,2,1,1,1,3
MEB_CM,70,2,2448,713.0,1,1,1,3,0,0,0,0,1,1,1,3
MEB_CM,70,3,1554,724.0,1,1,1,3,0,0,0,0,1,1,1,3
MEB_CM,71,0,280,2691.0,1,0,1,2,0,0,0,0,0,1,0,1
MEB_CM,71,1,1475,1883.0,1,1,1,3,1,1,1,3,1,1,1,3
MEB_CM,71,2,645,2583.0,1,1,1,3,0,0,0,0,1,1,1,3
MEB_CM,71,3,906,1226.0,1,1,1,3,1,1,1,3,1,1,1,3
MEB_CM,71,4,251,2138.0,1,1,1,3,0,0,0,0,1,1,1,3
MEB_CM,71,5,1630,1489.0,1,1,1,3,1,1,1,3,1,1,1,3
MEB_CM,71,6,276,1283.0,1,1,1,3,1,1,1,3,1,1,1,3
MEB_CM,72,0,237,2824.0,1,1,0,2,0,0,0,0,1,1,0,2
MEB_CM,72,1,224,2848.5,1,1,1,3,0,0,1,1,1,0,1,2
MEB_CM,72,2,1431,1843.0,1,1,1,3,0,0,1,1,1,1,1,3
MEB_CM,72,3,666,2537.5,1,1,1,3,0,0,0,0,1,1,1,3
MEB_CM,72,4,957,1199.0,1,1,1,3,1,1,1,3,1,1,1,3
MEB_CM,72,5,241,2112.0,1,1,1,3,0,0,0,0,1,1,1,3
MEB_CM,72,6,1674,1472.5,1,1,1,3,1,1,1,3,1,1,1,3
MEB_CM,72,7,254,1294.5,1,1,1,3,1,1,0,2,1,1,1,3
MEB_CM,73,0,479,1746.0,1,1,1,3,0,0,1,1,1,1,1,3
MEB_CM,73,1,602,1906.5,1,1,1,3,0,1,1,2,1,1,1,3
MEB_CM,73,2,2654,838.0,1,1,1,3,1,1,1,3,1,1,1,3
MEB_CM,74,0,604,1491.0,1,1,1,3,1,1,1,3,1,1,1,3
MEB_CM,74,1,931,1706.0,1,1,1,3,1,1,1,3,1,1,1,3
MEB_CM,74,2,65,1492.0,1,0,1,2,1,0,1,2,1,0,1,2
MEB_CM,74,3,5105,636.0,1,1,1,3,1,1,1,3,1,1,1,3
MEB_CM,75,0,1397,1055.0,1,1,1,3,1,1,0,2,1,1,1,3
MEB_CM,75,1,16694,651.0,1,1,1,3,1,1,1,3,1,1,1,3
MEB_CM,75,2,1147,1790.0,1,1,1,3,1,1,1,3,1,1,1,3
MEB_CM,76,0,58,6426.5,1,1,1,3,0,0,0,0,1,1,1,3
MEB_CM,76,1,2079,1576.0,1,1,1,3,0,0,0,0,1,1,1,3
MEB_CM,76,2,84,4968.0,1,1,1,3,0,0,0,0,1,1,1,3
MEB_CM,76,3,330,1914.5,1,1,1,3,0,0,0,0,1,1,1,3
MEB_CM,76,4,847,2103.0,1,1,1,3,0,1,0,1,1,1,1,3
MEB_CM,76,5,209,3246.0,1,1,1,3,0,0,0,0,1,1,1,3
MEB_CM,76,6,21,3671.0,0,0,0,0,0,0,0,0,0,0,0,0
MEB_CM,76,7,182,2593.0,1,1,1,3,0,0,0,0,1,1,1,3
MEB_CM,76,8,2600,746.0,1,1,1,3,1,1,1,3,1,1,1,3
MEB_CM,76,9,981,509.0,1,1,1,3,0,0,0,0,1,1,1,3
MEB_CM,77,0,60,6413.5,1,1,1,3,0,0,0,0,1,1,1,3
MEB_CM,77,1,553,4522.0,1,1,1,3,0,0,0,0,1,1,1,3
MEB_CM,77,2,2866,1318.0,1,1,1,3,1,1,1,3,1,1,1,3
MEB_CM,77,3,76,4626.0,1,1,1,3,0,0,0,0,1,1,1,3
MEB_CM,77,4,411,1617.0,1,1,1,3,0,0,0,0,1,1,1,3
MEB_CM,77,5,1240,1774.0,1,1,1,3,0,1,1,2,1,1,1,3
MEB_CM,77,6,228,2784.0,1,1,1,3,0,0,0,0,1,1,1,3
MEB_CM,78,0,62,5759.0,1,1,1,3,0,0,0,0,1,1,1,3
MEB_CM,78,1,47,3635.0,1,1,1,3,0,0,0,0,1,1,1,3
MEB_CM,78,2,317,4247.0,1,1,1,3,0,0,0,0,1,1,1,3
MEB_CM,78,3,311,3062.0,1,1,1,3,0,0,0,0,1,1,1,3
MEB_CM,78,4,371,4596.0,1,1,1,3,0,0,0,0,1,1,1,3
MEB_CM,78,5,138,3637.5,1,1,1,3,0,0,0,0,1,1,1,3
MEB_CM,78,6,1897,798.0,1,1,1,3,1,1,1,3,1,1,1,3
MEB_CM,78,7,222,4593.5,0,1,1,2,0,0,0,0,0,0,0,0
MEB_CM,78,8,2444,787.0,1,1,1,3,1,1,1,3,1,1,1,3
MEB_CM,78,9,565,1748.0,1,1,1,3,0,0,0,0,1,1,1,3
MEB_CM,78,10,3360,799.0,1,1,1,3,1,1,1,3,1,1,1,3
MEB_CM,79,0,120,4535.0,1,1,1,3,0,0,0,0,1,1,1,3
MEB_CM,79,1,194,4737.5,1,1,1,3,0,0,0,0,1,1,1,3
MEB_CM,79,2,529,2884.0,1,1,1,3,1,1,1,3,1,1,1,3
MEB_CM,79,3,113,2195.0,1,1,1,3,0,0,0,0,1,1,1,3
MEB_CM,79,4,70,4736.5,1,1,1,3,0,0,0,0,1,1,1,3
MEB_CM,79,5,516,3323.5,1,1,1,3,0,0,0,0,1,1,1,3
MEB_CM,79,6,786,1998.5,1,1,1,3,0,1,1,2,1,1,1,3
MEB_CM,79,7,200,2429.0,1,1,1,3,0,1,1,2,1,1,1,3
MEB_CM,79,8,307,3749.0,1,1,1,3,0,0,0,0,1,1,1,3
MEB_CM,79,9,1237,569.0,1,1,1,3,1,1,1,3,1,1,1,3
MEB_CM,80,0,66,4822.0,1,1,1,3,0,0,0,0,1,1,1,3
MEB_CM,80,1,91,4312.0,1,1,1,3,0,0,0,0,1,1,1,3
MEB_CM,80,2,149,4601.0,1,1,1,3,0,0,0,0,1,1,1,3
MEB_CM,80,3,494,2578.5,1,1,1,3,1,1,1,3,1,1,1,3
MEB_CM,80,4,39,4212.0,1,1,1,3,0,0,0,0,1,1,1,3
MEB_CM,80,5,31,4390.0,1,1,1,3,0,0,0,0,1,1,1,3
MEB_CM,80,6,85,1877.0,1,1,1,3,0,0,1,1,1,1,1,3
MEB_CM,80,7,315,3041.0,1,1,1,3,0,0,0,0,1,1,1,3
MEB_CM,80,8,849,1657.0,1,1,1,3,1,1,1,3,1,1,1,3
MEB_CM,80,9,275,2156.0,1,1,1,3,1,1,1,3,1,1,1,3
MEB_CM,80,10,319,3475.0,1,1,1,3,0,0,0,0,1,1,1,3
MEB_CM,80,11,122,2869.0,1,1,1,3,0,1,0,1,1,1,1,3
MEB_CM,80,12,69,1596.0,0,0,1,1,1,1,0,2,0,0,0,0
MEB_CM,81,0,314,3145.5,1,1,1,3,1,0,1,2,1,1,1,3
MEB_CM,81,1,103,3680.0,1,1,1,3,0,0,0,0,1,1,1,3
MEB_CM,81,2,74,2614.5,1,1,1,3,1,1,1,3,1,1,1,3
MEB_CM,81,3,69,2458.0,1,1,1,3,0,0,0,0,1,1,1,3
MEB_CM,81,4,230,2478.5,1,1,1,3,1,1,1,3,1,1,1,3
MEB_CM,81,5,1728,1356.5,1,1,1,3,0,0,0,0,1,1,1,3
MEB_CM,81,6,411,1623.0,1,1,1,3,0,0,1,1,1,1,1,3
MEB_CM,81,7,236,1214.0,1,1,1,3,1,1,1,3,1,1,1,3
MEB_CM,81,8,319,1036.0,1,1,1,3,1,1,1,3,1,1,1,3
MEB_CM,81,9,297,1003.0,1,1,1,3,1,1,1,3,1,1,1,3
MEB_CM,81,10,292,887.0,1,1,1,3,1,1,1,3,1,1,1,3
MEB_CM,81,11,242,872.0,1,1,1,3,1,0,1,2,1,1,1,3
MEB_CM,81,12,627,849.0,1,1,1,3,1,0,1,2,1,1,1,3
MEB_CM,81,13,7003,844.0,1,1,1,3,0,0,0,0,1,1,1,3
MEB_CM,82,0,607,2131.0,1,1,1,3,1,1,1,3,1,1,1,3
MEB_CM,82,1,130,1673.0,1,1,1,3,1,1,1,3,1,1,1,3
MEB_CM,82,2,105,1505.0,1,1,1,3,1,1,1,3,1,1,1,3
MEB_CM,82,3,198,2430.0,1,1,1,3,0,0,0,0,1,1,1,3
MEB_CM,82,4,562,1620.0,1,1,1,3,1,1,1,3,1,1,1,3
MEB_CM,82,5,1935,903.0,1,1,1,3,0,0,0,0,1,1,1,3
MEB_CM,83,0,1174,1269.0,1,1,1,3,1,1,1,3,1,1,1,3
MEB_CM,83,1,189,1388.0,1,1,1,3,1,1,1,3,1,1,1,3
MEB_CM,83,2,848,1777.0,1,1,1,3,1,1,1,3,1,1,1,3
MEB_CM,83,3,211,1185.0,1,1,1,3,1,1,1,3,1,1,1,3
MEB_CM,83,4,281,1975.0,1,1,1,3,0,0,0,0,1,1,1,3
MEB_CM,83,5,933,1242.0,1,1,1,3,1,1,1,3,1,1,1,3
MEB_CM,83,6,4501,594.0,1,1,1,3,1,1,1,3,1,1,1,3
MEB_CM,84,0,115,3545.0,1,1,1,3,0,0,0,0,1,1,1,3
MEB_CM,84,1,112,2385.5,1,1,1,3,1,0,1,2,1,1,1,3
MEB_CM,84,2,198,1996.0,1,1,0,2,1,1,1,3,1,1,1,3
MEB_CM,84,3,4531,1005.0,1,1,1,3,1,1,1,3,1,1,1,3
MEB_CM,85,0,319,3195.0,0,0,1,1,0,0,0,0,1,1,1,3
MEB_CM,85,1,108,1223.5,1,0,1,2,0,0,0,0,1,1,1,3
MEB_CM,85,2,2132,780.0,0,0,0,0,1,1,0,2,0,0,0,0
MEB_CM,86,0,454,2999.0,1,1,1,3,1,1,1,3,1,1,1,3
MEB_CM,86,1,121,3538.0,1,1,1,3,1,1,1,3,1,1,1,3
MEB_CM,86,2,107,5790.0,1,0,0,1,0,0,0,0,1,1,1,3
MEB_CM,86,3,49,2977.0,1,1,1,3,1,1,1,3,1,1,1,3
MEB_CM,86,4,954,2264.0,1,1,1,3,1,1,1,3,1,1,1,3
MEB_CM,86,5,927,1350.0,1,1,1,3,1,1,1,3,1,1,1,3
MEB_CM,86,6,111,3137.0,1,1,1,3,0,1,1,2,1,1,1,3
MEB_CM,86,7,62,7624.0,0,1,1,2,0,0,0,0,1,1,1,3
MEB_CM,86,8,226,4471.5,1,1,1,3,0,0,0,0,1,1,1,3
MEB_CM,86,9,51,6342.0,1,1,1,3,0,0,0,0,1,1,1,3
MEB_CM,86,10,63,5523.0,1,1,1,3,0,0,0,0,1,1,1,3
MEB_CM,86,11,217,2156.0,1,1,1,3,0,0,0,0,1,1,1,3
MEB_CM,86,12,147,4195.0,1,1,1,3,0,0,0,0,1,1,1,3
MEB_CM,86,13,685,2063.0,1,1,1,3,1,1,1,3,1,1,1,3
MEB_CM,86,14,137,1986.0,1,1,1,3,1,1,1,3,1,1,1,3
MEB_CM,86,15,213,2565.0,1,1,1,3,0,0,0,0,1,1,1,3
MEB_CM,86,16,134,2267.5,1,1,1,3,0,0,0,0,1,1,1,3
MEB_CM,86,17,6174,859.0,1,0,1,2,0,0,0,0,0,0,0,0
MEB_CM,87,0,563,2625.0,1,1,1,3,1,1,1,3,1,1,1,3
MEB_CM,87,1,127,3114.0,1,1,1,3,1,1,1,3,1,1,1,3
MEB_CM,87,2,142,5137.5,1,1,1,3,0,0,0,0,1,1,1,3
MEB_CM,87,3,52,2551.0,1,1,1,3,1,1,1,3,1,1,1,3
MEB_CM,87,4,146,2687.0,1,1,1,3,0,0,0,0,1,1,1,3
MEB_CM,87,5,1432,1756.0,1,1,1,3,1,1,1,3,1,1,1,3
MEB_CM,87,6,66,6604.0,0,1,1,2,0,0,0,0,0,1,1,2
MEB_CM,87,7,305,3553.0,1,1,1,3,0,1,0,1,1,1,1,3
MEB_CM,87,8,65,5502.0,0,1,1,2,0,0,0,0,1,1,1,3
MEB_CM,87,9,85,4176.0,1,1,1,3,1,1,1,3,1,1,1,3
MEB_CM,87,10,446,1608.0,1,1,1,3,0,0,0,0,1,1,1,3
MEB_CM,87,11,180,2871.0,1,1,1,3,1,1,1,3,1,1,1,3
MEB_CM,87,12,1255,1403.0,1,1,1,3,1,1,1,3,1,1,1,3
MEB_CM,87,13,98,1375.0,1,1,1,3,0,0,0,0,1,1,1,3
MEB_CM,87,14,130,1283.5,1,1,1,3,0,0,0,0,1,1,1,3
MEB_CM,88,0,801,1691.0,1,1,1,3,0,0,0,0,1,1,1,3
MEB_CM,88,1,53,4029.0,1,1,0,2,0,0,0,0,1,1,0,2
MEB_CM,88,2,144,2642.0,0,1,0,1,0,0,0,0,0,1,1,2
MEB_CM,88,3,95,1800.0,1,1,1,3,0,0,0,0,1,1,1,3
MEB_CM,88,4,121,3013.0,1,1,1,3,0,0,0,0,1,1,1,3
MEB_CM,88,5,200,2709.5,1,1,1,3,0,0,0,0,1,1,1,3
MEB_CM,88,6,133,3367.0,1,1,1,3,0,0,0,0,1,1,1,3
MEB_CM,88,7,574,1634.0,1,1,1,3,1,1,1,3,1,1,1,3
MEB_CM,88,8,159,1487.0,1,1,1,3,0,0,0,0,1,1,1,3
MEB_CM,88,9,551,1277.0,1,1,1,3,0,0,0,0,1,1,1,3
MEB_CM,89,0,43,2652.0,1,0,0,1,0,0,0,0,0,0,0,0
MEB_CM,89,1,886,1588.5,1,1,1,3,0,0,0,0,1,1,1,3
MEB_CM,89,2,338,2069.0,1,1,1,3,0,0,0,0,1,1,1,3
MEB_CM,89,3,33,4304.0,1,1,1,3,0,0,0,0,1,1,1,3
MEB_CM,89,4,130,2576.0,0,1,0,1,0,0,0,0,0,1,1,2
MEB_CM,89,5,118,3003.5,1,1,1,3,0,0,0,0,1,1,1,3
MEB_CM,89,6,78,1752.0,1,1,1,3,0,0,0,0,1,1,1,3
MEB_CM,89,7,183,2729.0,1,1,1,3,0,0,0,0,1,1,1,3
MEB_CM,89,8,140,3357.0,1,1,1,3,0,0,0,0,1,1,1,3
MEB_CM,89,9,25,3486.0,1,1,1,3,0,0,0,0,1,1,1,3
MEB_CM,89,10,471,1621.0,1,1,1,3,1,1,1,3,1,1,1,3
MEB_CM,89,11,337,2356.0,1,1,1,3,0,0,0,0,1,1,1,3
MEB_CM,89,12,457,1484.0,1,1,1,3,0,0,1,1,1,1,1,3
MEB_CM,89,13,449,1268.0,1,1,1,3,0,0,0,0,1,1,1,3
MEB_CM,90,0,259,1512.0,0,0,1,1,0,0,0,0,0,0,1,1
MEB_CM,90,1,40,3914.0,1,1,1,3,0,0,0,0,1,1,1,3
MEB_CM,90,2,134,2443.0,1,0,0,1,0,0,0,0,1,1,1,3
MEB_CM,90,3,115,2955.0,1,1,1,3,1,1,0,2,1,1,1,3
MEB_CM,90,4,93,1660.0,1,1,1,3,0,0,0,0,1,1,1,3
MEB_CM,90,5,184,2757.5,1,1,1,3,1,1,0,2,1,1,1,3
MEB_CM,90,6,98,3388.0,1,1,1,3,0,0,0,0,1,1,1,3
MEB_CM,90,7,502,1607.0,1,1,1,3,1,1,1,3,1,1,1,3
MEB_CM,90,8,1090,1590.5,1,1,1,3,1,1,1,3,1,1,1,3
MEB_CM,90,9,484,1279.0,1,1,1,3,0,0,0,0,1,1,1,3
MEB_CM,90,10,39,1083.0,1,1,1,3,0,0,0,0,1,0,1,2
MEB_CM,91,0,31,3977.0,1,1,1,3,0,0,0,0,1,1,1,3
MEB_CM,91,1,524,1744.0,1,1,1,3,0,0,0,0,1,1,1,3
MEB_CM,91,2,181,2251.0,1,1,0,2,0,0,0,0,1,1,1,3
MEB_CM,91,3,133,3085.0,1,1,1,3,0,0,0,0,1,1,1,3
MEB_CM,91,4,176,2788.5,1,1,1,3,0,0,0,0,1,1,1,3
MEB_CM,91,5,119,1418.0,1,1,1,3,0,0,0,0,1,1,1,3
MEB_CM,91,6,95,3648.0,1,1,1,3,0,0,0,0,1,1,1,3
MEB_CM,91,7,279,2646.0,1,1,1,3,0,0,0,0,1,1,1,3
MEB_CM,91,8,554,1599.0,1,1,1,3,1,1,1,3,1,1,1,3
MEB_CM,91,9,484,2378.0,1,0,0,1,0,0,0,0,1,1,1,3
MEB_CM,91,10,449,1306.0,1,1,1,3,0,0,0,0,1,1,1,3
MEB_CM,91,11,1505,1284.0,1,1,1,3,1,1,1,3,1,1,1,3
MEB_CM,91,12,213,1155.0,1,1,1,3,0,1,0,1,1,1,1,3
MEB_CM,92,0,50,3095.5,1,1,0,2,0,0,0,0,1,1,1,3
MEB_CM,92,1,135,3164.0,1,1,0,2,0,0,0,0,1,1,1,3
MEB_CM,92,2,109,2088.0,1,1,1,3,0,0,0,0,1,1,1,3
MEB_CM,92,3,109,2780.0,1,1,1,3,0,0,0,0,1,1,1,3
MEB_CM,92,4,512,1147.0,1,1,1,3,1,1,1,3,1,1,1,3
MEB_CM,92,5,1988,601.0,1,1,1,3,1,1,1,3,1,1,1,3
MEB_CM,92,6,1863,919.0,1,1,1,3,1,1,1,3,1,1,1,3
MEB_CM,93,0,42,2637.5,1,1,1,3,1,0,0,1,1,1,1,3
MEB_CM,93,1,728,2448.0,1,1,1,3,1,1,1,3,1,1,1,3
MEB_CM,93,2,42,1141.5,1,0,0,1,0,0,0,0,1,0,0,1
MEB_CM,93,3,2076,1505.0,1,1,1,3,0,0,0,0,1,1,1,3
MEB_CM,93,4,661,1159.0,1,1,1,3,0,0,0,0,1,1,1,3
MEB_CM,93,5,3652,442.0,1,1,1,3,0,0,0,0,1,1,1,3
MEB_CM,93,6,3053,866.0,1,1,1,3,1,1,1,3,1,1,1,3
MEB_CM,94,0,39,4043.0,1,0,0,1,0,0,0,0,1,1,1,3
MEB_CM,94,1,754,2396.0,1,1,1,3,1,1,1,3,1,1,1,3
MEB_CM,94,2,514,1302.0,1,1,1,3,0,0,0,0,1,1,1,3
MEB_CM,94,3,1935,1512.0,1,1,1,3,0,0,0,0,1,1,1,3
MEB_CM,94,4,166,405.0,1,0,1,2,0,0,0,0,1,1,1,3
MEB_CM,94,5,4115,768.0,1,1,1,3,1,1,1,3,1,1,1,3
MEB_CM,95,0,457,3123.0,1,1,1,3,1,1,1,3,1,1,1,3
MEB_CM,95,1,224,2015.0,1,1,1,3,0,0,0,0,1,1,1,3
MEB_CM,95,2,838,2133.0,1,1,1,3,1,1,0,2,1,1,1,3
MEB_CM,95,3,1328,1312.0,1,1,1,3,1,1,1,3,1,1,1,3
MEB_CM,96,0,89,821.0,1,1,0,2,0,0,0,0,1,1,0,2
MEB_CM,97,0,565,2764.0,1,1,1,3,1,1,1,3,1,1,1,3
MEB_CM,97,1,47,3336.0,1,1,1,3,1,1,1,3,1,1,1,3
MEB_CM,97,2,402,1809.0,1,1,1,3,0,1,0,1,1,1,1,3
MEB_CM,97,3,136,1376.0,1,1,1,3,0,0,0,0,1,1,1,3
MEB_CM,97,4,80,1797.0,1,1,1,3,1,1,1,3,1,1,1,3
MEB_CM,97,5,250,1237.0,1,1,1,3,0,0,0,0,1,1,1,3
MEB_CM,97,6,382,1104.0,1,1,1,3,0,1,1,2,1,1,1,3
MEB_CM,97,7,240,1104.0,1,1,1,3,0,1,1,2,1,1,1,3
MEB_CM,97,8,49,2744.0,0,0,0,0,0,0,0,0,0,1,0,1
MEB_CM,97,9,4115,521.0,0,0,0,0,0,0,0,0,0,0,0,0
MEB_CM,98,0,126,2433.0,1,1,1,3,1,0,0,1,1,1,1,3
MEB_CM,98,1,187,2293.0,1,1,1,3,0,0,0,0,1,1,1,3
MEB_CM,98,2,55,2224.0,1,1,1,3,0,0,0,0,1,1,1,3
MEB_CM,98,3,41,3716.0,1,1,1,3,0,0,0,0,1,1,1,3
MEB_CM,98,4,475,1576.0,1,1,1,3,1,1,1,3,1,1,1,3
MEB_CM,98,5,99,1278.0,1,1,1,3,0,0,0,0,1,1,1,3
MEB_CM,98,6,195,1146.0,1,1,1,3,0,0,0,0,1,1,1,3
MEB_CM,98,7,76,1604.5,1,1,1,3,0,0,0,0,1,1,1,3
MEB_CM,98,8,376,1005.0,1,1,1,3,0,0,0,0,1,1,1,3
MEB_CM,98,9,264,985.0,1,1,1,3,0,0,0,0,1,1,1,3
MEB_CM,98,10,1308,990.0,1,1,1,3,1,1,1,3,1,1,1,3
MEB_CM,98,11,211,1286.0,1,1,1,3,0,1,1,2,1,1,1,3
MEB_CM,99,0,55,2637.0,0,0,0,0,0,0,0,0,0,1,0,1
MEB_HW_B,0,0,82,3193.5,1,1,0,2,0,0,0,0,1,1,1,3
MEB_HW_B,0,1,78,3329.0,1,1,1,3,0,0,0,0,1,1,1,3
MEB_HW_B,0,2,20,3196.0,0,1,0,1,0,0,0,0,0,1,1,2
MEB_HW_B,0,3,54,2638.0,1,1,1,3,0,0,0,0,1,1,1,3
MEB_HW_B,0,4,57,2511.0,1,1,1,3,0,0,0,0,1,1,1,3
MEB_HW_B,0,5,155,2237.0,1,1,1,3,0,0,0,0,1,1,1,3
MEB_HW_B,0,6,66,2360.5,1,1,0,2,0,0,0,0,1,1,1,3
MEB_HW_B,0,7,150,2161.0,1,1,1,3,0,0,0,0,1,1,1,3
MEB_HW_B,0,8,78,1909.5,1,1,1,3,0,0,0,0,1,1,1,3
MEB_HW_B,0,9,145,1807.0,1,1,1,3,0,1,0,1,1,1,1,3
MEB_HW_B,0,10,81,1867.0,0,0,0,0,0,0,0,0,0,0,0,0
MEB_HW_B,0,11,132,1389.5,1,1,1,3,0,0,0,0,1,1,1,3
MEB_HW_B,0,12,676,1245.0,1,1,1,3,1,0,1,2,1,1,1,3
MEB_HW_B,1,0,42,1963.0,1,1,1,3,0,0,0,0,1,1,1,3
MEB_HW_B,1,1,102,2974.5,1,1,1,3,0,0,0,0,1,1,1,3
MEB_HW_B,1,2,21,2756.0,1,1,1,3,0,0,0,0,1,1,1,3
MEB_HW_B,1,3,60,2805.5,1,1,1,3,0,0,0,0,1,1,1,3
MEB_HW_B,1,4,77,2240.0,1,1,1,3,0,0,0,0,1,1,1,3
MEB_HW_B,1,5,89,2155.0,1,1,1,3,0,0,0,0,1,1,1,3
MEB_HW_B,1,6,82,1967.5,1,1,1,3,0,0,0,0,1,1,1,3
MEB_HW_B,1,7,241,1884.0,1,1,1,3,0,1,1,2,1,1,1,3
MEB_HW_B,1,8,228,1775.5,1,1,1,3,0,1,1,2,1,1,1,3
MEB_HW_B,1,9,88,1501.5,1,1,1,3,0,0,0,0,1,1,1,3
MEB_HW_B,1,10,208,1458.0,1,1,1,3,0,0,0,0,1,1,1,3
MEB_HW_B,1,11,151,1419.0,1,0,0,1,1,1,1,3,0,0,0,0
MEB_HW_B,1,12,253,998.0,1,1,1,3,1,1,1,3,1,1,1,3
MEB_HW_B,1,13,1189,938.0,1,1,1,3,1,1,1,3,1,1,1,3
MEB_HW_B,2,0,63,3037.0,1,1,1,3,0,0,0,0,1,1,1,3
MEB_HW_B,2,1,71,2902.0,1,1,1,3,0,0,0,0,1,1,1,3
MEB_HW_B,2,2,179,2373.0,1,1,1,3,1,0,1,2,1,1,1,3
MEB_HW_B,2,3,97,2337.0,1,1,1,3,0,0,0,0,1,1,1,3
MEB_HW_B,2,4,157,1615.0,1,1,1,3,0,0,0,0,1,1,1,3
MEB_HW_B,2,5,129,1578.0,1,1,1,3,0,0,0,0,1,1,1,3
MEB_HW_B,2,6,154,1517.0,1,1,1,3,0,0,0,0,1,1,1,3
MEB_HW_B,2,7,370,1412.0,1,1,1,3,0,1,1,2,1,1,1,3
MEB_HW_B,2,8,248,1292.0,1,1,1,3,0,0,0,0,1,1,1,3
MEB_HW_B,2,9,190,1186.5,1,1,1,3,1,1,0,2,1,1,1,3
MEB_HW_B,2,10,234,1087.0,1,1,1,3,1,1,1,3,1,1,1,3
MEB_HW_B,2,11,377,1056.0,1,1,1,3,0,0,1,1,1,1,1,3
MEB_HW_B,2,12,226,1004.0,1,1,1,3,0,0,0,0,1,1,1,3
MEB_HW_B,3,0,53,2888.0,1,1,1,3,0,0,0,0,1,1,1,3
MEB_HW_B,3,1,79,2778.0,1,1,1,3,0,0,0,0,1,1,1,3
MEB_HW_B,3,2,181,2262.0,1,1,1,3,0,0,0,0,1,1,1,3
MEB_HW_B,3,3,46,2396.0,1,1,1,3,0,0,0,0,1,1,1,3
MEB_HW_B,3,4,103,2223.0,1,1,1,3,0,0,0,0,1,1,1,3
MEB_HW_B,3,5,149,1490.0,1,1,1,3,0,0,0,0,1,1,1,3
MEB_HW_B,3,6,117,1462.0,1,1,1,3,0,1,0,1,1,1,1,3
MEB_HW_B,3,7,173,1406.0,1,1,1,3,0,0,0,0,1,1,1,3
MEB_HW_B,3,8,460,1319.0,1,1,1,3,0,0,0,0,1,1,1,3
MEB_HW_B,3,9,275,1192.0,1,1,1,3,1,0,0,1,1,1,1,3
MEB_HW_B,3,10,241,1098.0,1,1,1,3,0,0,0,0,1,1,1,3
MEB_HW_B,3,11,285,991.0,1,1,1,3,1,1,1,3,1,1,1,3
MEB_HW_B,3,12,467,957.0,1,1,1,3,1,1,1,3,1,1,1,3
MEB_HW_B,3,13,302,912.0,1,1,1,3,0,0,0,0,1,1,1,3
MEB_HW_B,4,0,69,2573.0,1,1,1,3,0,0,0,0,1,1,1,3
MEB_HW_B,4,1,106,2494.0,1,1,1,3,0,0,0,0,1,1,1,3
MEB_HW_B,4,2,281,1944.0,1,1,1,3,0,0,0,0,1,1,1,3
MEB_HW_B,4,3,56,2092.0,1,1,1,3,0,0,0,0,1,1,1,3
MEB_HW_B,4,4,122,1880.5,1,1,1,3,0,0,1,1,1,1,1,3
MEB_HW_B,4,5,216,1225.0,1,1,1,3,0,0,0,0,1,1,1,3
MEB_HW_B,4,6,154,1110.0,1,1,1,3,1,0,1,2,1,1,1,3
MEB_HW_B,4,7,279,1161.0,1,1,1,3,0,0,0,0,1,1,1,3
MEB_HW_B,4,8,709,1056.0,1,1,1,3,1,1,1,3,1,1,1,3
MEB_HW_B,4,9,509,900.0,1,1,1,3,0,0,0,0,1,1,1,3
MEB_HW_B,4,10,378,826.0,1,1,1,3,1,1,1,3,1,1,1,3
MEB_HW_B,4,11,426,758.0,1,1,1,3,1,1,1,3,1,1,1,3
MEB_HW_B,4,12,866,725.0,1,1,1,3,0,0,1,1,1,1,1,3
MEB_HW_B,4,13,492,682.0,1,1,1,3,0,1,0,1,1,1,1,3
MEB_HW_B,5,0,71,2640.0,1,0,1,2,0,0,0,0,0,1,1,2
MEB_HW_B,5,1,89,2082.0,1,1,1,3,0,0,0,0,1,1,1,3
MEB_HW_B,5,2,124,2045.0,1,1,1,3,0,0,0,0,1,1,1,3
MEB_HW_B,5,3,92,1643.5,1,1,1,3,0,0,0,0,1,1,1,3
MEB_HW_B,5,4,221,1501.0,1,1,1,3,0,0,0,0,1,1,1,3
MEB_HW_B,5,5,218,1393.0,1,1,1,3,0,0,0,0,1,1,1,3
MEB_HW_B,5,6,200,1433.5,1,1,1,3,0,0,0,0,1,1,1,3
MEB_HW_B,5,7,544,811.5,1,1,1,3,1,1,1,3,1,1,1,3
MEB_HW_B,5,8,656,793.0,1,1,1,3,1,1,1,3,1,1,1,3
MEB_HW_B,5,9,590,676.0,1,1,1,3,0,0,0,0,1,1,1,3
MEB_HW_B,5,10,854,710.0,1,1,1,3,1,1,1,3,1,1,1,3
MEB_HW_B,6,0,116,2135.0,1,1,1,3,1,1,1,3,1,1,1,3
MEB_HW_B,6,1,172,1485.0,1,1,1,3,0,0,0,0,1,1,1,3
MEB_HW_B,6,2,223,1467.0,1,1,1,3,0,0,0,0,1,1,1,3
MEB_HW_B,6,3,191,1156.0,1,1,1,3,0,0,0,0,1,1,1,3
MEB_HW_B,6,4,588,904.0,1,1,1,3,1,1,1,3,1,1,1,3
MEB_HW_B,6,5,466,905.0,1,1,1,3,0,0,0,0,1,1,1,3
MEB_HW_B,6,6,600,824.0,1,1,1,3,1,1,1,3,1,1,1,3
MEB_HW_B,7,0,75,2858.0,1,1,1,3,0,0,0,0,1,1,1,3
MEB_HW_B,7,1,742,2380.5,1,1,1,3,1,1,1,3,1,1,1,3
MEB_HW_B,7,2,408,2153.5,1,1,1,3,0,1,1,2,1,1,1,3
MEB_HW_B,7,3,809,1773.0,1,1,1,3,1,1,1,3,1,1,1,3
MEB_HW_B,7,4,41,1866.0,1,1,1,3,0,0,0,0,1,1,1,3
MEB_HW_B,7,5,53,2250.0,1,1,1,3,0,0,0,0,1,1,1,3
MEB_HW_B,7,6,873,1777.0,1,1,1,3,1,1,1,3,1,1,1,3
MEB_HW_B,7,7,52,2088.0,1,1,1,3,0,0,0,0,1,1,1,3
MEB_HW_B,7,8,172,1485.5,1,1,1,3,0,0,0,0,1,1,1,3
MEB_HW_B,7,9,122,1404.0,1,1,1,3,0,0,0,0,1,1,1,3
MEB_HW_B,7,10,90,1303.0,1,1,1,3,0,0,0,0,1,1,1,3
MEB_HW_B,7,11,180,1144.0,1,1,1,3,0,0,0,0,1,1,1,3
MEB_HW_B,7,12,317,1027.0,1,1,1,3,1,1,1,3,1,1,1,3
MEB_HW_B,7,13,315,1038.0,1,1,1,3,1,1,1,3,1,1,1,3
MEB_HW_B,7,14,98,726.0,1,1,1,3,0,0,0,0,1,1,1,3
MEB_HW_B,8,0,132,2524.0,1,1,1,3,0,0,0,0,1,1,1,3
MEB_HW_B,8,1,92,2348.0,1,1,1,3,0,0,0,0,1,1,1,3
MEB_HW_B,8,2,1228,1799.0,1,1,1,3,1,1,1,3,1,1,1,3
MEB_HW_B,8,3,127,1973.0,1,1,1,3,0,0,0,0,1,1,1,3
MEB_HW_B,8,4,809,1572.0,1,1,1,3,1,1,1,3,1,1,1,3
MEB_HW_B,8,5,169,1284.0,1,1,1,3,0,0,0,0,1,1,1,3
MEB_HW_B,8,6,1755,1313.0,1,1,1,3,1,1,1,3,1,1,1,3
MEB_HW_B,8,7,33,1261.0,1,1,1,3,0,0,0,0,1,1,1,3
MEB_HW_B,8,8,179,1058.0,1,1,1,3,0,0,0,0,1,1,1,3
MEB_HW_B,8,9,473,990.0,1,1,1,3,1,1,1,3,1,1,1,3
MEB_HW_B,8,10,308,902.0,1,1,1,3,0,0,1,1,1,1,1,3
MEB_HW_B,9,0,561,4288.0,1,1,1,3,0,0,0,0,1,1,1,3
MEB_HW_B,9,1,138,2952.0,1,1,1,3,1,1,0,2,1,1,1,3
MEB_HW_B,9,2,190,2703.0,1,1,1,3,0,0,0,0,1,1,1,3
MEB_HW_B,9,3,163,2744.0,1,1,1,3,0,0,0,0,1,1,1,3
MEB_HW_B,9,4,225,2194.0,1,1,1,3,0,0,0,0,1,1,1,3
MEB_HW_B,9,5,124,2023.0,1,1,1,3,0,0,0,0,1,1,1,3
MEB_HW_B,9,6,712,1887.5,1,1,1,3,0,0,0,0,1,1,1,3
MEB_HW_B,9,7,1726,1522.0,1,1,1,3,1,1,1,3,1,1,1,3
MEB_HW_B,9,8,226,1602.0,1,1,1,3,0,0,0,0,1,1,1,3
MEB_HW_B,9,9,1314,1268.0,1,1,1,3,1,1,1,3,1,1,1,3
MEB_HW_B,9,10,166,1059.0,1,1,1,3,0,0,0,0,1,1,1,3
MEB_HW_B,9,11,334,1283.5,1,1,1,3,0,0,0,0,1,1,1,3
MEB_HW_B,9,12,125,1226.0,1,1,1,3,0,0,0,0,1,1,1,3
MEB_HW_B,9,13,170,1015.0,1,1,1,3,0,0,0,0,1,1,1,3
MEB_HW_B,9,14,1514,972.0,1,1,1,3,0,0,0,0,1,1,1,3
MEB_HW_B,9,15,3395,953.0,1,1,1,3,1,1,1,3,1,1,1,3
MEB_HW_B,9,16,2616,813.0,1,1,1,3,1,1,1,3,1,1,1,3
MEB_HW_B,10,0,122,3166.0,1,1,1,3,0,0,0,0,1,1,1,3
MEB_HW_B,10,1,23,2099.0,0,1,1,2,0,0,0,0,1,1,1,3
MEB_HW_B,10,2,156,1675.5,1,1,1,3,0,0,0,0,1,1,1,3
MEB_HW_B,10,3,661,1455.0,1,1,1,3,1,1,1,3,1,1,1,3
MEB_HW_B,10,4,2557,1239.0,1,1,1,3,1,1,1,3,1,1,1,3
MEB_HW_B,10,5,46,1397.5,1,1,1,3,1,0,1,2,1,1,1,3
MEB_HW_B,10,6,163,1168.0,1,1,1,3,1,1,1,3,1,1,1,3
MEB_HW_B,10,7,2926,947.0,1,1,1,3,1,1,1,3,1,1,1,3
MEB_HW_B,10,8,2462,761.0,1,1,1,3,0,0,1,1,1,1,1,3
MEB_HW_B,10,9,165,764.0,1,1,1,3,0,0,0,0,1,1,1,3
MEB_HW_B,11,0,246,3167.0,1,1,1,3,0,0,0,0,1,1,1,3
MEB_HW_B,11,1,76,2094.0,1,1,1,3,0,0,0,0,1,1,1,3
MEB_HW_B,11,2,175,1669.0,1,1,1,3,0,0,0,0,1,1,1,3
MEB_HW_B,11,3,680,1460.5,1,1,1,3,1,1,1,3,1,1,1,3
MEB_HW_B,11,4,2651,1232.0,1,1,1,3,1,1,1,3,1,1,1,3
MEB_HW_B,11,5,94,1415.0,1,1,1,3,0,0,1,1,1,1,1,3
MEB_HW_B,11,6,223,1165.0,1,1,1,3,1,1,1,3,1,1,1,3
MEB_HW_B,11,7,2905,945.0,1,1,1,3,1,1,1,3,1,1,1,3
MEB_HW_B,11,8,2149,761.0,1,1,1,3,0,0,0,0,1,1,1,3
MEB_HW_B,11,9,200,764.0,1,1,1,3,0,0,0,0,1,1,1,3
MEB_HW_B,12,0,579,2626.0,1,1,1,3,0,0,0,0,1,1,1,3
MEB_HW_B,12,1,1275,1838.0,1,1,1,3,0,1,0,1,1,1,1,3
MEB_HW_B,12,2,890,1653.0,1,1,1,3,1,1,1,3,1,1,1,3
MEB_HW_B,12,3,554,1387.5,1,1,1,3,1,1,1,3,1,1,1,3
MEB_HW_B,12,4,49,1770.0,1,1,1,3,0,0,0,0,1,1,1,3
MEB_HW_B,12,5,239,1122.0,1,1,1,3,0,0,0,0,1,1,1,3
MEB_HW_B,12,6,10366,787.0,1,1,1,3,1,1,1,3,1,1,1,3
MEB_HW_B,12,7,3131,751.0,1,1,1,3,0,0,0,0,1,1,1,3
MEB_HW_B,12,8,293,909.0,1,1,1,3,0,0,0,0,1,1,1,3
MEB_HW_B,12,9,533,762.0,1,1,1,3,1,1,1,3,1,1,1,3
MEB_HW_B,13,0,354,2807.0,1,1,1,3,0,0,0,0,1,1,1,3
MEB_HW_B,13,1,892,2172.0,1,1,1,3,1,1,0,2,1,1,1,3
MEB_HW_B,13,2,1809,1512.0,1,1,1,3,1,1,1,3,1,1,1,3
MEB_HW_B,13,3,96,1939.0,0,0,1,1,0,0,0,0,0,0,0,0
MEB_HW_B,13,4,1355,1390.0,1,1,1,3,1,1,1,3,1,1,1,3
MEB_HW_B,13,5,863,1048.0,1,1,1,3,1,1,1,3,1,1,1,3
MEB_HW_B,13,6,5347,980.0,1,1,1,3,1,1,1,3,1,1,1,3
MEB_HW_B,13,7,5095,911.0,1,1,1,3,1,1,1,3,1,1,1,3
MEB_HW_B,13,8,450,948.5,1,1,1,3,0,0,0,0,1,1,1,3
MEB_HW_B,14,0,415,2656.0,1,1,1,3,0,0,0,0,1,1,1,3
MEB_HW_B,14,1,584,2251.5,1,1,1,3,1,1,1,3,1,1,1,3
MEB_HW_B,14,2,435,2074.0,1,1,1,3,1,0,1,2,1,1,1,3
MEB_HW_B,14,3,786,1851.5,1,1,1,3,1,1,1,3,1,1,1,3
MEB_HW_B,14,4,1220,1540.5,1,1,1,3,1,1,1,3,1,1,1,3
MEB_HW_B,14,5,2880,954.0,1,1,1,3,1,1,1,3,1,1,1,3
MEB_HW_B,14,6,4552,767.0,1,1,1,3,1,1,1,3,1,1,1,3
MEB_HW_B,15,0,27,2996.0,1,1,1,3,0,0,0,0,1,1,1,3
MEB_HW_B,15,1,992,2040.0,1,1,1,3,0,0,0,0,1,1,1,3
MEB_HW_B,15,2,859,1822.0,1,1,1,3,1,0,1,2,1,1,1,3
MEB_HW_B,15,3,1242,1398.5,1,1,1,3,1,1,1,3,1,1,1,3
MEB_HW_B,15,4,1792,1318.0,1,1,1,3,1,1,1,3,1,1,1,3
MEB_HW_B,15,5,5139,855.0,1,1,1,3,1,1,1,3,1,1,1,3
MEB_HW_B,16,0,58,3009.0,1,1,1,3,0,0,0,0,1,1,1,3
MEB_HW_B,16,1,127,2898.0,1,1,1,3,1,0,0,1,1,1,1,3
MEB_HW_B,16,2,33,2723.0,1,1,1,3,0,0,0,0,1,1,1,3
MEB_HW_B,16,3,72,2710.5,1,1,1,3,0,0,0,0,1,1,1,3
MEB_HW_B,16,4,72,2106.5,1,1,1,3,0,0,0,0,1,1,1,3
MEB_HW_B,16,5,108,2066.0,1,1,1,3,0,0,0,0,1,1,1,3
MEB_HW_B,16,6,247,1787.0,1,1,1,3,0,0,0,0,1,1,1,3
MEB_HW_B,16,7,119,1882.0,1,1,1,3,0,0,0,0,1,1,1,3
MEB_HW_B,16,8,242,1674.0,1,1,1,3,0,1,1,2,1,1,1,3
MEB_HW_B,16,9,95,1388.0,1,1,1,3,1,1,0,2,1,1,1,3
MEB_HW_B,16,10,175,1347.0,1,0,0,1,1,1,1,3,0,0,0,0
MEB_HW_B,16,11,205,1366.0,1,1,1,3,0,1,1,2,1,1,1,3
MEB_HW_B,16,12,304,922.0,1,1,1,3,0,0,1,1,1,1,1,3
MEB_HW_B,16,13,1428,853.0,1,1,1,3,1,1,1,3,1,1,1,3
MEB_HW_B,17,0,108,2418.5,1,1,1,3,0,0,0,0,1,1,1,3
MEB_HW_B,17,1,100,2014.0,1,1,1,3,0,0,0,0,1,1,1,3
MEB_HW_B,17,2,151,1914.0,1,1,1,3,0,0,0,0,1,1,1,3
MEB_HW_B,17,3,247,1494.0,1,1,1,3,0,0,0,0,1,1,1,3
MEB_HW_B,17,4,233,1350.0,1,1,1,3,0,1,0,1,1,1,1,3
MEB_HW_B,17,5,114,1543.5,1,1,1,3,0,0,0,0,1,1,1,3
MEB_HW_B,17,6,250,1349.0,1,1,1,3,0,0,0,0,1,1,1,3
MEB_HW_B,17,7,390,737.0,1,1,1,3,1,1,1,3,1,1,1,3
MEB_HW_B,17,8,428,645.0,1,1,1,3,1,1,1,3,1,1,1,3
MEB_HW_B,18,0,112,2359.5,1,1,1,3,0,0,0,0,1,1,1,3
MEB_HW_B,18,1,133,1823.0,1,1,1,3,0,0,0,0,1,1,1,3
MEB_HW_B,18,2,156,1744.0,1,1,1,3,0,0,0,0,1,1,1,3
MEB_HW_B,18,3,291,1264.0,1,1,1,3,0,1,1,2,1,1,1,3
MEB_HW_B,18,4,328,1159.0,1,1,1,3,1,1,1,3,1,1,1,3
MEB_HW_B,18,5,138,1390.0,1,1,1,3,0,0,0,0,1,1,1,3
MEB_HW_B,18,6,294,1167.0,1,1,1,3,0,0,0,0,1,1,1,3
MEB_HW_B,19,0,261,1501.0,1,1,1,3,1,1,1,3,1,1,1,3
MEB_HW_B,19,1,323,1854.0,1,1,1,3,1,1,1,3,1,1,1,3
MEB_HW_B,19,2,44,2288.0,1,1,1,3,0,0,0,0,1,1,1,3
MEB_HW_B,19,3,543,838.0,1,1,1,3,1,1,1,3,1,1,1,3
MEB_HW_B,19,4,639,860.0,1,1,1,3,1,1,1,3,1,1,1,3
MEB_HW_B,20,0,223,2931.0,1,1,1,3,1,1,1,3,1,1,1,3
MEB_HW_B,20,1,61,2075.0,1,1,1,3,0,0,0,0,1,1,1,3
MEB_HW_B,20,2,573,1440.0,1,1,1,3,1,1,1,3,1,1,1,3
MEB_HW_B,20,3,54,2170.5,1,1,1,3,0,0,0,0,1,1,1,3
MEB_HW_B,20,4,96,2131.0,1,1,1,3,0,0,0,0,1,1,1,3
MEB_HW_B,20,5,87,1721.0,1,1,1,3,1,1,1,3,1,1,1,3
MEB_HW_B,20,6,579,998.0,1,1,1,3,1,1,1,3,1,1,1,3
MEB_HW_B,20,7,177,1553.0,1,1,1,3,0,0,0,0,1,1,1,3
MEB_HW_B,21,0,297,2871.0,1,1,1,3,0,0,1,1,1,1,1,3
MEB_HW_B,21,1,67,2002.0,1,1,1,3,0,0,0,0,1,1,1,3
MEB_HW_B,21,2,77,2115.0,1,1,1,3,0,0,1,1,1,1,1,3
MEB_HW_B,21,3,528,1363.0,1,1,1,3,1,1,1,3,1,1,1,3
MEB_HW_B,21,4,110,2097.5,1,1,1,3,0,0,0,0,1,1,1,3
MEB_HW_B,21,5,106,1674.5,1,1,1,3,0,0,0,0,1,1,1,3
MEB_HW_B,21,6,651,940.0,1,1,1,3,1,1,1,3,1,1,1,3
MEB_HW_B,21,7,171,1543.0,1,1,1,3,0,0,0,0,1,1,1,3
MEB_HW_B,22,0,254,2776.5,1,1,1,3,0,0,1,1,1,1,1,3
MEB_HW_B,22,1,63,1920.0,1,1,1,3,0,0,0,0,1,1,1,3
MEB_HW_B,22,2,75,2083.0,1,1,1,3,0,0,0,0,1,1,1,3
MEB_HW_B,22,3,629,1301.0,1,1,1,3,1,1,1,3,1,1,1,3
MEB_HW_B,22,4,109,2066.0,1,1,1,3,1,0,0,1,1,1,1,3
MEB_HW_B,22,5,110,1624.0,1,1,1,3,0,0,0,0,1,1,1,3
MEB_HW_B,22,6,750,870.0,1,1,1,3,1,1,1,3,1,1,1,3
MEB_HW_B,22,7,162,1504.0,1,1,1,3,0,0,0,0,1,1,1,3
MEB_HW_B,22,8,195,1591.0,0,0,0,0,0,0,0,0,0,0,1,1
MEB_HW_B,23,0,506,2274.5,1,1,1,3,1,1,1,3,1,1,1,3
MEB_HW_B,23,1,867,2695.0,1,1,1,3,1,0,1,2,1,1,1,3
MEB_HW_B,23,2,63,3185.0,1,1,0,2,0,0,0,0,1,0,0,1
MEB_HW_B,23,3,130,1475.5,1,1,1,3,0,0,0,0,1,1,1,3
MEB_HW_B,23,4,83,1698.0,1,1,1,3,0,0,0,0,1,1,1,3
MEB_HW_B,23,5,690,1953.0,1,1,1,3,1,0,1,2,1,1,1,3
MEB_HW_B,23,6,144,1722.5,1,1,1,3,1,0,1,2,1,1,1,3
MEB_HW_B,23,7,182,1250.0,1,1,1,3,0,0,0,0,1,1,1,3
MEB_HW_B,23,8,124,2095.5,1,1,1,3,0,0,0,0,1,1,1,3
MEB_HW_B,23,9,1442,874.5,1,1,1,3,1,1,1,3,1,1,1,3
MEB_HW_B,23,10,74,1661.0,1,1,1,3,0,0,0,0,1,1,1,3
MEB_HW_B,23,11,58,2044.0,1,1,1,3,0,0,0,0,1,1,1,3
MEB_HW_B,23,12,246,1188.5,1,1,1,3,0,0,0,0,1,1,1,3
MEB_HW_B,23,13,766,536.0,1,1,1,3,1,1,1,3,1,1,1,3
MEB_HW_B,24,0,634,1918.0,1,1,1,3,1,1,1,3,1,1,1,3
MEB_HW_B,24,1,1028,2448.0,1,1,1,3,1,1,1,3,1,1,1,3
MEB_HW_B,24,2,73,2981.0,1,1,1,3,0,0,0,0,1,1,1,3
MEB_HW_B,24,3,53,1293.0,0,0,0,0,0,0,0,0,0,0,0,0
MEB_HW_B,24,4,103,2333.0,0,0,0,0,0,0,0,0,0,0,1,1
MEB_HW_B,24,5,896,1760.0,1,1,1,3,1,0,1,2,1,1,1,3
MEB_HW_B,24,6,108,1442.5,1,1,1,3,0,0,0,0,1,1,1,3
MEB_HW_B,24,7,163,1202.0,1,1,1,3,1,0,0,1,1,1,1,3
MEB_HW_B,24,8,192,1496.0,1,1,1,3,1,0,0,1,1,1,1,3
MEB_HW_B,24,9,138,1940.0,1,1,1,3,0,0,0,0,1,1,1,3
MEB_HW_B,24,10,24,1315.0,0,0,1,1,0,0,0,0,0,0,0,0
MEB_HW_B,24,11,56,1893.0,1,1,1,3,0,0,0,0,1,1,1,3
MEB_HW_B,24,12,292,1032.0,1,1,1,3,0,0,0,0,1,1,1,3
MEB_HW_B,24,13,89,1388.0,1,1,1,3,0,0,0,0,1,1,1,3
MEB_HW_B,24,14,81,1981.0,1,1,1,3,0,0,0,0,1,1,1,3
MEB_HW_B,24,15,3061,638.0,1,1,1,3,1,1,1,3,1,1,1,3
MEB_HW_B,24,16,356,988.0,1,1,1,3,0,1,0,1,1,1,1,3
MEB_HW_B,25,0,1176,1905.0,1,1,1,3,1,1,1,3,1,1,1,3
MEB_HW_B,25,1,329,2501.0,1,1,1,3,1,1,1,3,1,1,1,3
MEB_HW_B,25,2,515,2780.0,1,1,1,3,1,1,0,2,1,1,1,3
MEB_HW_B,25,3,3458,1217.0,1,1,1,3,0,0,0,0,1,1,1,3
MEB_HW_B,25,4,2156,1133.0,1,1,1,3,1,1,1,3,1,1,1,3
MEB_HW_B,25,5,3309,701.0,1,1,1,3,1,1,1,3,1,1,1,3
MEB_HW_B,26,0,599,1937.0,1,1,1,3,1,1,1,3,1,1,1,3
MEB_HW_B,26,1,348,2433.5,1,1,1,3,1,1,1,3,1,1,1,3
MEB_HW_B,26,2,519,2843.0,1,1,1,3,1,1,0,2,1,1,1,3
MEB_HW_B,26,3,606,1709.0,1,1,1,3,0,0,0,0,1,1,1,3
MEB_HW_B,26,4,3751,1153.0,1,1,1,3,0,1,1,2,1,1,1,3
MEB_HW_B,26,5,2337,1090.0,1,1,1,3,1,1,1,3,1,1,1,3
MEB_HW_B,26,6,3769,649.0,1,1,1,3,1,1,1,3,1,1,1,3
MEB_HW_B,27,0,1468,1730.0,1,1,1,3,1,1,1,3,1,1,1,3
MEB_HW_B,27,1,416,2394.0,1,1,1,3,0,0,1,1,1,1,1,3
MEB_HW_B,27,2,181,2983.0,1,1,1,3,0,0,0,0,1,1,1,3
MEB_HW_B,27,3,342,2662.5,1,1,1,3,1,0,1,2,1,1,1,3
MEB_HW_B,27,4,4810,1051.0,1,1,1,3,1,1,1,3,1,1,1,3
MEB_HW_B,27,5,2694,1036.0,1,1,1,3,1,1,1,3,1,1,1,3
MEB_HW_B,27,6,2415,592.0,1,1,1,3,1,1,1,3,1,1,1,3
MEB_HW_B,28,0,255,3172.0,1,1,1,3,1,1,0,2,1,1,1,3
MEB_HW_B,28,1,311,2394.0,1,1,1,3,1,1,1,3,1,1,1,3
MEB_HW_B,28,2,742,1821.0,1,1,1,3,1,1,1,3,1,1,1,3
MEB_HW_B,28,3,397,2829.0,1,1,1,3,0,0,0,0,1,1,1,3
MEB_HW_B,28,4,506,2271.0,1,1,1,3,0,1,1,2,1,1,1,3
MEB_HW_B,28,5,1869,1193.0,1,1,1,3,1,1,1,3,1,1,1,3
MEB_HW_B,28,6,2219,1032.0,1,1,1,3,0,0,0,0,1,1,1,3
MEB_HW_B,29,0,615,2293.0,1,1,1,3,0,0,0,0,1,1,1,3
MEB_HW_B,29,1,816,1635.0,1,1,1,3,1,1,0,2,1,1,1,3
MEB_HW_B,29,2,657,2121.0,1,1,1,3,1,1,1,3,1,1,1,3
MEB_HW_B,29,3,1110,1599.0,1,1,1,3,1,1,1,3,1,1,1,3
MEB_HW_B,29,4,2681,1108.0,1,1,1,3,1,1,1,3,1,1,1,3
MEB_HW_B,29,5,82,2821.0,1,1,1,3,0,0,0,0,1,1,1,3
MEB_HW_B,29,6,54,2718.0,1,1,1,3,0,0,0,0,1,1,1,3
MEB_HW_B,29,7,3191,582.0,1,1,1,3,1,1,1,3,1,1,1,3
MEB_HW_B,30,0,629,2255.0,1,1,1,3,0,0,0,0,1,1,1,3
MEB_HW_B,30,1,883,1575.0,1,1,1,3,1,1,1,3,1,1,1,3
MEB_HW_B,30,2,666,2031.0,1,1,1,3,1,1,1,3,1,1,1,3
MEB_HW_B,30,3,1306,1517.0,1,1,1,3,1,1,1,3,1,1,1,3
MEB_HW_B,30,4,2961,1040.0,1,1,1,3,1,1,1,3,1,1,1,3
MEB_HW_B,30,5,46,2705.0,1,1,1,3,0,0,0,0,1,1,1,3
MEB_HW_B,31,0,459,4765.0,0,1,1,2,0,0,0,0,1,1,1,3
MEB_HW_B,31,1,142,3382.0,1,1,1,3,0,0,0,0,1,1,1,3
MEB_HW_B,31,2,111,3498.0,0,0,1,1,0,0,0,0,1,1,1,3
MEB_HW_B,31,3,151,3091.0,0,0,1,1,0,0,0,0,1,1,1,3
MEB_HW_B,31,4,166,2754.0,1,1,1,3,0,0,0,0,1,1,1,3
MEB_HW_B,31,5,92,2612.0,1,1,1,3,0,0,0,0,1,1,1,3
MEB_HW_B,31,6,122,2143.0,1,1,1,3,0,0,0,0,1,1,1,3
MEB_HW_B,31,7,1041,2100.0,1,1,1,3,1,1,1,3,1,1,1,3
MEB_HW_B,31,8,737,1833.0,1,1,1,3,1,1,1,3,1,1,1,3
MEB_HW_B,31,9,1457,1518.0,1,1,1,3,1,1,1,3,1,1,1,3
MEB_HW_B,31,10,131,1259.0,1,1,1,3,0,0,0,0,1,1,1,3
MEB_HW_B,31,11,110,1589.5,1,1,1,3,0,0,0,0,1,1,1,3
MEB_HW_B,31,12,1655,1441.0,1,1,1,3,1,1,1,3,1,1,1,3
MEB_HW_B,31,13,339,1229.0,1,1,1,3,0,0,0,0,1,1,1,3
MEB_HW_B,31,14,211,1163.0,1,1,1,3,0,0,0,0,1,1,1,3
MEB_HW_B,31,15,92,882.0,1,1,1,3,0,1,0,1,1,1,1,3
MEB_HW_B,32,0,487,3133.0,1,1,1,3,0,0,1,1,1,1,1,3
MEB_HW_B,32,1,768,3542.5,1,1,1,3,0,0,0,0,1,1,1,3
MEB_HW_B,32,2,217,2921.0,1,1,1,3,0,0,0,0,1,1,1,3
MEB_HW_B,32,3,229,2700.0,1,1,1,3,0,0,0,0,1,1,1,3
MEB_HW_B,32,4,2345,1748.0,1,1,1,3,0,0,0,0,1,1,1,3
MEB_HW_B,32,5,256,2356.0,1,1,1,3,0,0,0,0,1,1,1,3
MEB_HW_B,32,6,338,2034.0,1,1,1,3,0,0,0,0,1,1,1,3
MEB_HW_B,32,7,99,1612.0,1,1,1,3,0,0,0,0,1,1,1,3
MEB_HW_B,32,8,187,1419.0,1,1,1,3,0,0,0,0,1,1,1,3
MEB_HW_B,32,9,111,1561.0,1,1,1,3,0,0,0,0,1,1,1,3
MEB_HW_B,32,10,320,1445.0,1,1,1,3,0,0,0,0,1,1,1,3
MEB_HW_B,32,11,285,1333.0,1,1,1,3,0,0,0,0,1,1,1,3
MEB_HW_B,32,12,1448,1481.0,1,1,1,3,0,0,0,0,1,1,1,3
MEB_HW_B,32,13,194,1168.0,1,1,1,3,0,0,0,0,1,1,1,3
MEB_HW_B,32,14,632,1141.0,1,1,1,3,0,0,0,0,1,1,1,3
MEB_HW_B,32,15,1638,823.0,1,1,1,3,0,0,0,0,1,1,0,2
MEB_HW_B,32,16,350,1171.0,1,1,1,3,0,0,0,0,1,1,1,3
MEB_HW_B,32,17,408,1202.0,1,1,1,3,0,0,0,0,1,1,1,3
MEB_HW_B,33,0,557,3123.0,1,1,1,3,0,0,1,1,1,1,1,3
MEB_HW_B,33,1,845,3429.0,1,1,1,3,0,0,0,0,1,1,1,3
MEB_HW_B,33,2,212,2933.0,1,1,1,3,0,0,0,0,1,1,1,3
MEB_HW_B,33,3,272,2667.5,1,1,1,3,0,0,0,0,1,1,1,3
MEB_HW_B,33,4,2298,1714.5,1,1,1,3,0,0,0,0,1,1,1,3
MEB_HW_B,33,5,111,1593.0,1,1,1,3,0,0,0,0,1,1,1,3
MEB_HW_B,33,6,280,2238.0,1,1,1,3,0,0,0,0,1,1,1,3
MEB_HW_B,33,7,311,1975.0,1,1,1,3,0,0,0,0,1,1,1,3
MEB_HW_B,33,8,218,1397.0,1,1,1,3,0,0,0,0,1,1,1,3
MEB_HW_B,33,9,104,1524.0,1,1,1,3,0,0,0,0,1,1,1,3
MEB_HW_B,33,10,320,1398.0,1,1,1,3,0,1,0,1,1,1,1,3
MEB_HW_B,33,11,281,1307.0,1,1,1,3,0,0,0,0,1,1,1,3
MEB_HW_B,33,12,1658,1395.0,1,1,1,3,0,0,0,0,1,1,1,3
MEB_HW_B,33,13,209,1148.0,1,1,1,3,0,0,0,0,1,1,1,3
MEB_HW_B,33,14,661,1095.0,1,1,1,3,0,0,0,0,1,1,1,3
MEB_HW_B,33,15,424,1107.0,1,1,1,3,0,0,0,0,1,1,1,3
MEB_HW_B,34,0,348,2915.0,1,1,1,3,0,0,0,0,1,1,1,3
MEB_HW_B,34,1,1033,2141.0,1,1,1,3,0,1,1,2,1,1,1,3
MEB_HW_B,34,2,301,1298.0,1,1,1,3,1,0,0,1,1,1,1,3
MEB_HW_B,34,3,3161,1154.0,1,1,1,3,1,1,1,3,1,1,1,3
MEB_HW_B,34,4,269,1100.0,1,1,1,3,0,0,0,0,1,1,1,3
MEB_HW_B,34,5,1439,1494.0,1,1,1,3,0,0,1,1,1,1,1,3
MEB_HW_B,34,6,2677,1497.0,1,1,1,3,0,0,0,0,1,1,1,3
MEB_HW_B,34,7,4360,895.0,1,1,1,3,0,0,0,0,1,1,1,3
MEB_HW_B,35,0,71,2453.0,1,1,1,3,0,0,0,0,1,1,1,3
MEB_HW_B,35,1,552,2389.5,1,1,1,3,1,1,1,3,1,1,1,3
MEB_HW_B,35,2,448,4464.5,1,1,1,3,0,0,0,0,1,1,1,3
MEB_HW_B,35,3,919,1846.0,1,1,1,3,1,1,1,3,1,1,1,3
MEB_HW_B,35,4,564,1930.0,1,1,1,3,1,1,0,2,1,1,1,3
MEB_HW_B,35,5,9686,1220.0,1,1,1,3,0,0,0,0,1,1,1,3
MEB_HW_B,35,6,1584,1393.5,1,1,1,3,1,1,1,3,1,1,1,3
MEB_HW_B,35,7,353,840.0,1,1,1,3,1,1,1,3,1,1,1,3
MEB_HW_B,36,0,90,2854.5,1,1,1,3,0,0,0,0,1,1,1,3
MEB_HW_B,36,1,251,2150.0,1,1,1,3,0,0,0,0,1,1,1,3
MEB_HW_B,36,2,95,1886.0,1,1,1,3,1,0,1,2,1,1,1,3
MEB_HW_B,36,3,38,2702.0,1,1,1,3,0,0,0,0,1,1,1,3
MEB_HW_B,36,4,234,2066.5,1,1,1,3,1,1,0,2,1,1,1,3
MEB_HW_B,36,5,112,1685.5,0,0,0,0,0,0,0,0,1,0,0,1
MEB_HW_B,36,6,152,1820.0,1,1,1,3,0,0,0,0,1,1,1,3
MEB_HW_B,36,7,765,1221.0,1,1,1,3,1,1,0,2,1,1,1,3
MEB_HW_B,36,8,6301,613.0,1,1,1,3,1,1,1,3,1,1,1,3
MEB_HW_B,37,0,401,1650.0,1,1,1,3,1,1,1,3,1,1,1,3
MEB_HW_B,37,1,296,1423.0,1,1,1,3,1,1,1,3,1,1,1,3
MEB_HW_B,37,2,523,858.0,1,1,1,3,1,1,1,3,1,1,1,3
MEB_HW_B,37,3,693,815.0,1,1,1,3,1,1,1,3,1,1,1,3
MEB_HW_B,37,4,977,511.0,1,1,1,3,1,1,1,3,1,1,1,3
MEB_HW_B,38,0,226,2750.0,1,1,1,3,0,0,0,0,1,1,1,3
MEB_HW_B,38,1,90,1853.0,1,1,1,3,1,1,1,3,1,1,1,3
MEB_HW_B,38,2,118,1807.0,1,1,1,3,1,0,1,2,1,1,1,3
MEB_HW_B,38,3,90,595.5,1,1,1,3,0,0,0,0,1,1,1,3
MEB_HW_B,38,4,131,1461.0,1,1,1,3,0,0,0,0,1,1,1,3
MEB_HW_B,38,5,249,1272.0,1,1,1,3,0,0,0,0,1,1,1,3
MEB_HW_B,38,6,674,1178.0,1,1,1,3,1,1,1,3,1,1,1,3
MEB_HW_B,38,7,846,790.0,1,1,1,3,1,1,1,3,1,1,1,3
MEB_HW_B,39,0,306,2471.0,1,1,1,3,1,1,1,3,1,1,1,3
MEB_HW_B,39,1,179,1798.0,1,1,1,3,0,0,0,0,1,1,1,3
MEB_HW_B,39,2,131,1695.0,1,1,1,3,0,0,0,0,1,1,1,3
MEB_HW_B,39,3,81,1636.0,1,1,1,3,0,0,0,0,1,1,1,3
MEB_HW_B,39,4,45,nan,1,1,1,3,0,0,0,0,1,1,1,3
MEB_HW_B,39,5,111,1514.0,1,1,1,3,1,0,0,1,1,1,1,3
MEB_HW_B,39,6,159,1293.0,1,1,1,3,0,0,0,0,1,1,1,3
MEB_HW_B,39,7,270,1120.0,1,1,1,3,0,0,0,0,1,1,1,3
MEB_HW_B,39,8,994,971.0,1,1,1,3,1,1,1,3,1,1,1,3
MEB_HW_B,39,9,1730,572.0,1,1,1,3,1,1,1,3,1,1,1,3
MEB_HW_B,40,0,156,1803.0,1,1,1,3,0,0,0,0,1,1,1,3
MEB_HW_B,40,1,1853,1453.0,1,1,1,3,1,1,1,3,1,1,1,3
MEB_HW_B,40,2,204,1508.5,1,1,1,3,0,0,0,0,1,1,1,3
MEB_HW_B,40,3,1371,1136.0,1,1,1,3,1,1,1,3,1,1,1,3
MEB_HW_B,40,4,2629,921.0,1,1,1,3,1,1,1,3,1,1,1,3
MEB_HW_B,40,5,93,1036.0,1,1,1,3,0,0,0,0,1,1,1,3
MEB_HW_B,40,6,535,721.0,1,1,1,3,1,1,1,3,1,1,1,3
MEB_HW_B,41,0,618,3052.0,1,1,1,3,0,0,0,0,1,1,1,3
MEB_HW_B,41,1,281,2325.0,1,1,1,3,1,1,1,3,1,1,1,3
MEB_HW_B,41,2,286,2017.0,1,1,1,3,0,0,0,0,1,1,1,3
MEB_HW_B,41,3,180,1512.0,1,1,1,3,0,0,0,0,1,1,1,3
MEB_HW_B,41,4,1060,1339.0,1,1,1,3,0,0,1,1,1,1,1,3
MEB_HW_B,41,5,3502,1040.0,1,1,1,3,1,1,1,3,1,1,1,3
MEB_HW_B,41,6,456,1052.0,1,1,1,3,0,1,1,2,1,1,1,3
MEB_HW_B,41,7,3934,773.0,1,1,1,3,1,1,1,3,1,1,1,3
MEB_HW_B,41,8,541,542.0,1,1,1,3,0,0,0,0,1,1,1,3
MEB_HW_B,41,9,4045,527.0,1,1,1,3,1,1,1,3,1,1,1,3
MEB_HW_B,42,0,557,3172.0,1,1,1,3,0,0,0,0,1,1,1,3
MEB_HW_B,42,1,251,2378.0,1,1,1,3,1,1,1,3,1,1,1,3
MEB_HW_B,42,2,243,2379.0,1,1,1,3,0,0,0,0,1,1,1,3
MEB_HW_B,42,3,253,2104.0,1,1,1,3,0,0,0,0,1,1,1,3
MEB_HW_B,42,4,310,1654.5,1,1,1,3,0,0,0,0,1,1,1,3
MEB_HW_B,42,5,225,1388.0,1,1,1,3,0,0,0,0,1,1,1,3
MEB_HW_B,42,6,1372,1300.0,1,1,1,3,1,1,1,3,1,1,1,3
MEB_HW_B,42,7,5173,868.0,1,1,1,3,1,1,1,3,1,1,1,3
MEB_HW_B,42,8,438,1017.0,1,1,1,3,1,1,1,3,1,1,1,3
MEB_HW_B,42,9,6450,644.0,1,1,1,3,1,1,1,3,1,1,1,3
MEB_HW_B,43,0,498,3348.0,1,1,1,3,0,0,0,0,1,1,1,3
MEB_HW_B,43,1,459,2798.0,1,1,1,3,0,0,0,0,1,1,1,3
MEB_HW_B,43,2,164,2499.5,1,1,1,3,1,0,1,2,1,1,1,3
MEB_HW_B,43,3,255,2394.0,1,1,1,3,0,0,1,1,1,1,1,3
MEB_HW_B,43,4,240,2077.5,1,1,1,3,0,0,0,0,1,1,1,3
MEB_HW_B,43,5,271,1693.0,1,1,1,3,0,0,0,0,1,1,1,3
MEB_HW_B,43,6,2601,1337.0,1,1,1,3,1,1,1,3,1,1,1,3
MEB_HW_B,43,7,1805,1159.0,1,1,1,3,1,1,1,3,1,1,1,3
MEB_HW_B,43,8,516,1035.5,1,1,1,3,1,1,1,3,1,1,1,3
MEB_HW_B,43,9,473,1002.0,1,1,1,3,1,1,1,3,1,1,1,3
MEB_HW_B,43,10,558,859.0,1,1,1,3,1,0,1,2,1,1,1,3
MEB_HW_B,43,11,451,772.0,1,1,1,3,1,1,1,3,1,1,1,3
MEB_HW_B,43,12,4502,519.0,1,1,1,3,1,1,1,3,1,1,1,3
MEB_HW_B,44,0,232,3407.0,0,1,1,2,1,0,0,1,0,1,1,2
MEB_HW_B,44,1,431,3110.0,1,1,1,3,0,0,0,0,1,1,1,3
MEB_HW_B,44,2,1331,2337.0,1,1,1,3,0,0,0,0,1,1,1,3
MEB_HW_B,44,3,657,2441.0,1,1,1,3,0,0,0,0,1,1,1,3
MEB_HW_B,44,4,320,1898.5,1,1,1,3,1,0,1,2,1,1,1,3
MEB_HW_B,44,5,501,1603.0,1,1,1,3,1,1,1,3,1,1,1,3
MEB_HW_B,44,6,740,1294.0,1,1,1,3,0,0,0,0,1,1,1,3
MEB_HW_B,44,7,4998,1008.0,1,1,1,3,1,1,1,3,1,1,1,3
MEB_HW_B,44,8,711,1149.0,1,1,1,3,0,0,0,0,1,1,1,3
MEB_HW_B,44,9,216,1035.0,1,1,1,3,1,0,1,2,1,1,1,3
MEB_HW_B,44,10,440,858.0,1,1,1,3,1,1,1,3,1,1,1,3
MEB_HW_B,44,11,290,849.0,1,1,1,3,1,1,1,3,1,1,1,3
MEB_HW_B,44,12,1002,780.0,1,1,1,3,1,1,1,3,1,1,1,3
MEB_HW_B,44,13,939,719.0,1,1,1,3,1,1,1,3,1,1,1,3
MEB_HW_B,44,14,2884,611.0,1,1,1,3,1,1,1,3,1,1,1,3
MEB_HW_B,44,15,4352,550.0,1,1,1,3,1,1,1,3,1,1,1,3
MEB_HW_B,44,16,713,560.0,1,1,1,3,1,1,1,3,1,1,1,3
MEB_HW_B,44,17,564,511.0,1,1,1,3,1,1,1,3,1,1,1,3
MEB_HW_B,45,0,236,3155.5,0,1,0,1,0,0,0,0,1,1,1,3
MEB_HW_B,45,1,423,3435.0,1,1,1,3,0,0,0,0,1,1,1,3
MEB_HW_B,45,2,1422,2217.0,1,1,1,3,0,0,0,0,1,1,1,3
MEB_HW_B,45,3,688,2332.5,1,1,1,3,0,0,0,0,1,1,1,3
MEB_HW_B,45,4,354,1837.0,1,1,1,3,0,0,0,0,1,1,1,3
MEB_HW_B,45,5,571,1910.0,1,1,1,3,0,0,0,0,1,1,1,3
MEB_HW_B,45,6,583,1517.0,1,1,1,3,1,1,1,3,1,1,1,3
MEB_HW_B,45,7,808,1206.0,1,1,1,3,0,0,0,0,1,1,1,3
MEB_HW_B,45,8,883,1056.0,1,1,1,3,1,0,1,2,1,1,1,3
MEB_HW_B,45,9,6306,910.0,1,1,1,3,1,1,1,3,1,1,1,3
MEB_HW_B,45,10,247,940.0,1,1,1,3,1,1,1,3,1,1,1,3
MEB_HW_B,45,11,388,753.0,1,1,1,3,1,1,1,3,1,1,1,3
MEB_HW_B,45,12,613,748.0,1,1,1,3,1,1,1,3,1,1,1,3
MEB_HW_B,45,13,1357,691.0,1,1,1,3,1,1,1,3,1,1,1,3
MEB_HW_B,45,14,1167,618.0,1,1,1,3,1,1,1,3,1,1,1,3
MEB_HW_B,45,15,3493,528.0,1,1,1,3,1,1,1,3,1,1,1,3
MEB_HW_B,45,16,2389,493.0,1,1,1,3,1,1,1,3,1,1,1,3
MEB_HW_B,46,0,1427,2050.0,1,1,1,3,0,0,0,0,1,1,1,3
MEB_HW_B,46,1,496,2821.0,1,1,1,3,1,1,1,3,1,1,1,3
MEB_HW_B,46,2,723,2179.0,1,1,1,3,0,0,0,0,1,1,1,3
MEB_HW_B,46,3,402,1711.0,1,1,1,3,0,0,1,1,1,1,1,3
MEB_HW_B,46,4,684,1811.5,1,1,1,3,1,1,1,3,1,1,1,3
MEB_HW_B,46,5,602,1389.0,1,1,1,3,1,1,1,3,1,1,1,3
MEB_HW_B,46,6,1036,1120.0,1,1,1,3,0,0,0,0,1,1,1,3
MEB_HW_B,46,7,3690,934.0,1,1,1,3,1,1,1,3,1,1,1,3
MEB_HW_B,46,8,1069,985.0,1,1,1,3,0,0,0,0,1,1,1,3
MEB_HW_B,46,9,7961,825.0,1,1,1,3,1,1,1,3,1,1,1,3
MEB_HW_B,46,10,292,867.0,1,1,1,3,1,0,1,2,1,1,1,3
MEB_HW_B,46,11,460,673.0,1,1,1,3,0,1,1,2,1,1,1,3
MEB_HW_B,46,12,787,670.0,1,1,1,3,1,0,0,1,1,1,1,3
MEB_HW_B,46,13,1758,619.0,1,1,1,3,1,1,1,3,1,1,1,3
MEB_HW_B,46,14,2138,479.0,1,1,1,3,1,1,1,3,1,1,1,3
MEB_HW_B,46,15,1156,537.0,1,1,1,3,1,1,1,3,1,1,1,3
MEB_HW_B,46,16,665,465.0,1,1,1,3,1,1,1,3,1,1,1,3
MEB_HW_B,46,17,588,459.0,1,1,1,3,1,1,1,3,1,1,1,3
MEB_HW_B,47,0,395,2386.0,1,1,1,3,1,1,1,3,1,1,1,3
MEB_HW_B,47,1,705,1939.0,1,1,1,3,1,1,1,3,1,1,1,3
MEB_HW_B,47,2,446,1859.0,1,1,1,3,0,0,1,1,1,1,1,3
MEB_HW_B,47,3,897,1589.0,1,1,1,3,1,1,1,3,1,1,1,3
MEB_HW_B,47,4,1352,1345.0,1,1,1,3,1,1,1,3,1,1,1,3
MEB_HW_B,47,5,3826,799.0,1,1,1,3,1,1,1,3,1,1,1,3
MEB_HW_B,47,6,6851,601.0,1,1,1,3,1,1,1,3,1,1,1,3
MEB_HW_B,48,0,771,1840.0,1,1,1,3,1,1,1,3,1,1,1,3
MEB_HW_B,48,1,1025,1548.0,1,1,1,3,1,1,0,2,1,1,1,3
MEB_HW_B,48,2,1373,1207.0,1,1,1,3,1,1,1,3,1,1,1,3
MEB_HW_B,48,3,2369,1063.0,1,1,1,3,1,1,1,3,1,1,1,3
MEB_HW_B,48,4,8011,640.0,1,1,1,3,1,1,1,3,1,1,1,3
MEB_HW_B,49,0,38,2960.0,1,1,1,3,0,0,0,0,1,1,1,3
MEB_HW_B,49,1,119,2631.0,1,1,1,3,0,0,0,0,1,1,1,3
MEB_HW_B,49,2,43,2452.0,1,1,1,3,0,0,0,0,1,1,1,3
MEB_HW_B,49,3,86,2162.0,1,1,1,3,0,0,0,0,1,1,1,3
MEB_HW_B,49,4,1733,1388.0,1,1,1,3,0,0,0,0,1,1,1,3
MEB_HW_B,49,5,391,1741.0,1,1,1,3,1,1,1,3,1,1,1,3
MEB_HW_B,49,6,1455,1333.0,1,1,1,3,1,1,1,3,1,1,1,3
MEB_HW_B,49,7,3616,868.0,1,1,1,3,1,1,1,3,1,1,1,3
MEB_HW_B,49,8,4523,861.0,1,1,1,3,1,1,1,3,1,1,1,3
MEB_HW_B,50,0,284,2698.5,1,1,1,3,1,1,1,3,1,1,1,3
MEB_HW_B,50,1,303,2711.0,1,1,1,3,0,0,0,0,1,1,1,3
MEB_HW_B,50,2,67,3565.0,1,1,1,3,0,0,0,0,1,1,1,3
MEB_HW_B,50,3,625,1997.0,1,1,1,3,1,1,1,3,1,1,1,3
MEB_HW_B,50,4,746,1650.0,1,1,1,3,0,0,0,0,1,1,1,3
MEB_HW_B,50,5,447,1611.0,1,1,1,3,1,1,1,3,1,1,1,3
MEB_HW_B,50,6,257,1648.0,1,1,1,3,1,1,1,3,1,1,1,3
MEB_HW_B,50,7,1227,1225.0,1,1,1,3,1,1,1,3,1,1,1,3
MEB_HW_B,50,8,771,1098.0,1,1,1,3,0,0,1,1,1,1,1,3
MEB_HW_B,50,9,254,1132.0,1,1,1,3,1,0,1,2,1,1,1,3
MEB_HW_B,50,10,8265,746.0,1,1,1,3,1,1,1,3,1,1,1,3
MEB_HW_B,50,11,267,990.0,1,1,1,3,0,1,1,2,1,1,1,3
MEB_HW_B,50,12,449,939.0,1,1,1,3,1,1,1,3,1,1,1,3
MEB_HW_B,50,13,254,865.0,1,1,1,3,0,1,0,1,1,1,1,3
MEB_HW_B,51,0,1080,1772.0,1,1,1,3,0,0,0,0,1,1,1,3
MEB_HW_B,51,1,724,1623.0,1,1,1,3,1,1,1,3,1,1,1,3
MEB_HW_B,51,2,3210,940.0,1,1,1,3,1,1,1,3,1,1,1,3
MEB_HW_B,51,3,2580,572.0,1,1,1,3,1,1,1,3,1,1,1,3
MEB_HW_B,51,4,1065,578.0,1,1,1,3,1,1,1,3,1,1,1,3
MEB_HW_B,52,0,749,1417.0,1,1,1,3,0,0,0,0,1,1,0,2
MEB_HW_B,52,1,1634,1463.0,1,1,1,3,0,0,0,0,1,1,1,3
MEB_HW_B,52,2,974,1430.5,1,1,1,3,1,1,1,3,1,1,1,3
MEB_HW_B,52,3,6391,705.0,1,1,1,3,1,1,1,3,1,1,1,3
MEB_HW_B,53,0,124,2960.0,0,0,0,0,0,0,0,0,1,0,0,1
MEB_HW_B,53,1,914,1448.5,1,1,1,3,1,1,1,3,1,1,1,3
MEB_HW_B,53,2,1597,1439.0,1,1,1,3,0,0,0,0,1,1,1,3
MEB_HW_B,53,3,1651,700.0,1,1,1,3,0,0,0,0,1,1,1,3
MEB_HW_B,53,4,5110,721.0,1,1,1,3,1,1,1,3,1,1,1,3
MEB_HW_B,53,5,3849,634.0,1,1,1,3,1,1,1,3,1,1,1,3
MEB_HW_B,53,6,1599,588.0,1,1,1,3,1,1,1,3,1,1,1,3
MEB_HW_B,54,0,785,2469.0,1,1,1,3,0,0,0,0,1,1,1,3
MEB_HW_B,54,1,145,2930.0,1,1,1,3,0,0,0,0,1,1,1,3
MEB_HW_B,54,2,371,1959.0,1,1,1,3,0,0,0,0,1,1,1,3
MEB_HW_B,54,3,836,1192.0,1,1,1,3,0,0,1,1,1,1,1,3
MEB_HW_B,54,4,107,1347.0,1,1,1,3,1,1,1,3,1,1,1,3
MEB_HW_B,54,5,255,1316.0,1,1,1,3,1,1,1,3,1,1,1,3
MEB_HW_B,54,6,105,1315.0,1,1,1,3,0,0,0,0,1,1,1,3
MEB_HW_B,54,7,219,1248.0,1,1,1,3,1,1,1,3,1,1,1,3
MEB_HW_B,54,8,145,1187.0,1,1,1,3,0,0,0,0,1,1,1,3
MEB_HW_B,55,0,144,4424.0,1,1,1,3,0,0,0,0,1,1,1,3
MEB_HW_B,55,1,226,3892.0,0,1,1,2,0,0,0,0,1,0,1,2
MEB_HW_B,55,2,1316,3116.0,1,1,1,3,1,1,1,3,1,1,1,3
MEB_HW_B,55,3,346,3516.5,1,1,1,3,0,0,0,0,1,1,1,3
MEB_HW_B,55,4,82,3176.5,1,1,1,3,0,0,0,0,1,1,1,3
MEB_HW_B,55,5,46,3066.5,1,1,1,3,1,1,1,3,1,1,1,3
MEB_HW_B,55,6,548,2743.5,1,1,1,3,1,1,1,3,1,1,1,3
MEB_HW_B,55,7,125,3013.0,1,1,1,3,0,0,0,0,1,1,1,3
MEB_HW_B,55,8,36,3283.5,1,1,1,3,0,0,0,0,1,1,1,3
MEB_HW_B,55,9,403,2783.0,1,1,1,3,0,1,1,2,1,1,1,3
MEB_HW_B,55,10,58,3071.0,1,1,1,3,0,0,0,0,1,1,1,3
MEB_HW_B,55,11,1818,1638.0,1,1,1,3,1,1,1,3,1,1,1,3
MEB_HW_B,55,12,127,1793.0,1,1,1,3,0,0,0,0,1,1,1,3
MEB_HW_B,55,13,662,1518.0,1,1,1,3,0,1,0,1,1,1,1,3
MEB_HW_B,55,14,153,1516.0,1,1,1,3,0,0,0,0,1,1,1,3
MEB_HW_B,55,15,96,1405.0,1,1,1,3,0,0,0,0,1,1,1,3
MEB_HW_B,55,16,134,1413.0,1,1,1,3,0,0,0,0,1,1,1,3
MEB_HW_B,55,17,233,965.0,1,1,1,3,0,0,0,0,1,1,1,3
MEB_HW_B,55,18,4310,620.0,1,1,1,3,0,0,1,1,1,1,1,3
MEB_HW_B,56,0,72,3714.0,1,1,1,3,0,0,0,0,1,1,1,3
MEB_HW_B,56,1,78,3434.5,1,1,1,3,0,0,0,0,1,1,1,3
MEB_HW_B,56,2,25,3107.0,1,1,1,3,0,0,0,0,1,1,1,3
MEB_HW_B,56,3,508,2800.0,1,1,1,3,1,1,1,3,1,1,1,3
MEB_HW_B,56,4,28,3193.5,1,1,1,3,0,0,0,0,1,1,1,3
MEB_HW_B,56,5,317,2928.0,1,1,1,3,1,1,1,3,1,1,1,3
MEB_HW_B,56,6,43,2860.0,0,1,0,1,0,0,0,0,0,0,0,0
MEB_HW_B,56,7,266,2238.0,1,1,1,3,1,0,1,2,1,1,1,3
MEB_HW_B,56,8,276,2201.0,1,1,1,3,0,0,1,1,1,1,1,3
MEB_HW_B,56,9,169,1927.0,1,1,1,3,0,0,0,0,1,1,1,3
MEB_HW_B,56,10,231,1744.0,1,1,1,3,1,1,1,3,1,1,1,3
MEB_HW_B,56,11,1249,1619.0,1,1,1,3,1,1,1,3,1,1,1,3
MEB_HW_B,56,12,3082,1275.0,1,1,1,3,1,1,1,3,1,1,1,3
MEB_HW_B,56,13,52,1449.0,1,1,1,3,0,0,0,0,1,1,1,3
MEB_HW_B,56,14,2078,1104.0,1,1,1,3,1,1,1,3,1,1,1,3
MEB_HW_B,56,15,450,1036.0,1,1,1,3,0,0,0,0,1,1,1,3
MEB_HW_B,56,16,645,999.0,1,1,1,3,1,1,1,3,1,1,1,3
MEB_HW_B,56,17,408,963.0,1,1,1,3,0,0,0,0,1,1,1,3
MEB_HW_B,56,18,375,904.0,1,1,1,3,1,1,1,3,1,1,1,3
MEB_HW_B,56,19,694,879.0,1,1,1,3,1,1,1,3,1,1,1,3
MEB_HW_B,56,20,365,802.0,1,1,1,3,1,0,1,2,1,1,1,3
MEB_HW_B,56,21,696,789.5,1,1,1,3,1,1,0,2,1,1,1,3
MEB_HW_B,56,22,789,715.0,1,1,1,3,1,0,1,2,1,1,1,3
MEB_HW_B,56,23,425,693.0,1,1,1,3,1,1,1,3,1,1,1,3
MEB_HW_B,56,24,109,209.0,1,1,1,3,0,0,0,0,1,1,1,3
MEB_HW_B,56,25,31,639.0,1,1,1,3,0,0,0,0,0,0,0,0
MEB_HW_B,57,0,95,3182.0,1,1,1,3,0,0,0,0,1,1,1,3
MEB_HW_B,57,1,102,3046.0,1,1,1,3,0,0,0,0,1,1,1,3
MEB_HW_B,57,2,49,2531.0,1,1,1,3,0,0,0,0,1,1,1,3
MEB_HW_B,57,3,817,2176.0,1,1,1,3,0,0,0,0,1,1,1,3
MEB_HW_B,57,4,368,1883.0,1,1,1,3,1,1,1,3,1,1,1,3
MEB_HW_B,57,5,686,1859.5,1,1,1,3,1,1,1,3,1,1,1,3
MEB_HW_B,57,6,97,1835.0,1,1,1,3,0,0,0,0,1,0,1,2
MEB_HW_B,57,7,439,1636.0,1,1,1,3,1,1,1,3,1,1,1,3
MEB_HW_B,57,8,352,1583.0,1,1,1,3,1,1,1,3,1,1,1,3
MEB_HW_B,57,9,118,1567.5,1,1,1,3,1,0,0,1,1,1,1,3
MEB_HW_B,57,10,408,1186.5,1,1,1,3,1,1,1,3,1,1,1,3
MEB_HW_B,57,11,9842,654.0,1,1,1,3,1,1,1,3,1,1,1,3
MEB_HW_B,58,0,156,1472.0,1,1,1,3,0,0,0,0,1,1,1,3
MEB_HW_B,58,1,177,1491.0,1,1,1,3,0,0,0,0,1,1,1,3
MEB_HW_B,58,2,1821,1164.0,1,1,1,3,1,1,1,3,1,1,1,3
MEB_HW_B,58,3,1468,675.0,1,1,1,3,1,1,1,3,1,1,1,3
MEB_HW_B,58,4,438,687.0,1,1,1,3,1,1,1,3,1,1,1,3
MEB_HW_B,58,5,540,624.0,1,1,1,3,1,1,1,3,1,1,1,3
MEB_HW_B,59,0,129,1518.0,1,1,1,3,0,0,0,0,1,1,1,3
MEB_HW_B,59,1,242,1519.0,1,1,1,3,0,0,0,0,1,1,1,3
MEB_HW_B,59,2,1721,1179.0,1,1,1,3,1,1,1,3,1,1,1,3
MEB_HW_B,59,3,1511,676.0,1,1,1,3,1,1,1,3,1,1,1,3
MEB_HW_B,59,4,502,679.0,1,1,1,3,1,1,1,3,1,1,1,3
MEB_HW_B,59,5,605,627.0,1,1,1,3,1,1,1,3,1,1,1,3
MEB_HW_B,60,0,345,2070.0,1,1,1,3,0,0,0,0,1,1,1,3
MEB_HW_B,60,1,280,1989.0,1,1,1,3,0,0,0,0,1,1,1,3
MEB_HW_B,60,2,542,1932.0,1,1,1,3,0,0,0,0,1,1,1,3
MEB_HW_B,60,3,135,1574.0,1,1,1,3,0,0,0,0,1,1,1,3
MEB_HW_B,60,4,204,1499.0,1,1,1,3,0,0,0,0,1,1,1,3
MEB_HW_B,60,5,1728,1171.0,1,1,1,3,1,1,1,3,1,1,1,3
MEB_HW_B,60,6,1225,630.0,1,1,1,3,1,1,1,3,1,1,1,3
MEB_HW_B,60,7,56,636.0,1,1,1,3,0,0,0,0,1,1,1,3
MEB_HW_B,61,0,507,3572.0,1,1,1,3,0,0,0,0,1,1,1,3
MEB_HW_B,61,1,38,3576.0,1,1,1,3,0,0,0,0,1,1,1,3
MEB_HW_B,61,2,358,2766.0,1,1,1,3,0,0,0,0,1,1,1,3
MEB_HW_B,61,3,820,2364.5,1,1,1,3,1,1,1,3,1,1,1,3
MEB_HW_B,61,4,409,3014.0,1,1,1,3,1,1,1,3,1,1,1,3
MEB_HW_B,61,5,56,3044.0,1,1,1,3,1,0,1,2,1,1,1,3
MEB_HW_B,61,6,434,2139.5,1,1,1,3,1,1,1,3,1,1,1,3
MEB_HW_B,61,7,498,3540.5,1,1,1,3,1,0,0,1,1,1,1,3
MEB_HW_B,61,8,273,1841.0,1,1,1,3,1,0,1,2,1,1,1,3
MEB_HW_B,61,9,55,1820.0,1,1,1,3,0,0,0,0,1,1,1,3
MEB_HW_B,61,10,71,1779.0,1,1,1,3,0,0,0,0,1,1,1,3
MEB_HW_B,61,11,491,1546.0,1,1,1,3,1,1,1,3,1,1,1,3
MEB_HW_B,61,12,1231,1403.0,1,1,1,3,1,1,1,3,1,1,1,3
MEB_HW_B,61,13,135,1509.0,1,1,1,3,1,1,1,3,1,1,1,3
MEB_HW_B,61,14,101,1573.0,1,1,1,3,0,0,1,1,1,1,1,3
MEB_HW_B,61,15,590,1366.0,1,1,1,3,1,1,1,3,1,1,1,3
MEB_HW_B,61,16,198,1393.5,1,1,1,3,1,1,1,3,1,1,1,3
MEB_HW_B,61,17,1144,1048.0,1,1,1,3,0,0,0,0,1,1,1,3
MEB_HW_B,61,18,5451,924.0,1,1,1,3,1,1,1,3,1,1,1,3
MEB_HW_B,62,0,1647,1981.0,1,1,1,3,0,0,1,1,1,1,1,3
MEB_HW_B,62,1,972,1693.5,1,1,1,3,1,1,1,3,1,1,1,3
MEB_HW_B,62,2,69,1875.0,1,1,1,3,0,0,0,0,1,1,1,3
MEB_HW_B,62,3,438,1664.0,1,1,1,3,1,1,1,3,1,1,1,3
MEB_HW_B,62,4,186,1601.0,1,1,1,3,0,1,1,2,1,1,1,3
MEB_HW_B,62,5,2417,1281.0,1,1,1,3,1,1,1,3,1,1,1,3
MEB_HW_B,62,6,109,1553.0,1,1,1,3,0,1,1,2,1,1,1,3
MEB_HW_B,62,7,146,1483.5,1,1,1,3,0,0,1,1,1,1,1,3
MEB_HW_B,62,8,2320,1003.0,1,1,1,3,1,1,1,3,1,1,1,3
MEB_HW_B,62,9,2659,954.0,1,1,1,3,1,1,1,3,1,1,1,3
MEB_HW_B,62,10,545,667.0,1,1,1,3,1,1,1,3,1,1,1,3
MEB_HW_B,62,11,27,576.0,1,1,1,3,0,0,0,0,1,1,1,3
MEB_HW_B,63,0,2125,1761.0,1,1,1,3,0,0,0,0,1,1,1,3
MEB_HW_B,63,1,1453,1445.0,1,1,1,3,1,1,1,3,1,1,1,3
MEB_HW_B,63,2,102,1601.0,1,1,1,3,0,0,0,0,1,1,1,3
MEB_HW_B,63,3,193,1495.0,1,1,1,3,0,0,0,0,1,1,1,3
MEB_HW_B,63,4,72,1408.0,1,0,1,2,1,0,0,1,1,0,1,2
MEB_HW_B,63,5,265,1394.0,1,1,1,3,0,0,0,0,1,1,1,3
MEB_HW_B,63,6,163,1319.0,1,1,1,3,0,0,0,0,1,1,1,3
MEB_HW_B,63,7,3442,1036.0,1,1,1,3,1,1,1,3,1,1,1,3
MEB_HW_B,63,8,249,1245.0,1,1,1,3,0,0,0,0,1,1,1,3
MEB_HW_B,63,9,4321,791.0,1,1,1,3,1,1,1,3,1,1,1,3
MEB_HW_B,64,0,2351,1697.0,1,1,1,3,0,0,0,0,1,1,1,3
MEB_HW_B,64,1,1562,1361.0,1,1,1,3,1,1,1,3,1,1,1,3
MEB_HW_B,64,2,83,1509.0,1,1,1,3,0,0,0,0,1,1,1,3
MEB_HW_B,64,3,305,1454.0,1,1,1,3,1,1,1,3,1,1,1,3
MEB_HW_B,64,4,267,1344.0,1,1,1,3,0,0,0,0,1,1,1,3
MEB_HW_B,64,5,216,1246.0,1,1,1,3,0,0,0,0,1,1,1,3
MEB_HW_B,64,6,4305,951.0,1,1,1,3,1,1,1,3,1,1,1,3
MEB_HW_B,64,7,260,1163.0,1,1,1,3,0,0,0,0,1,1,1,3
MEB_HW_B,64,8,5521,730.0,1,1,1,3,1,1,1,3,1,1,1,3
MEB_HW_B,65,0,148,4740.0,1,1,1,3,0,0,0,0,1,1,1,3
MEB_HW_B,65,1,117,22728.0,0,1,0,1,0,0,0,0,1,1,1,3
MEB_HW_B,65,2,23,3189.0,1,1,1,3,0,0,0,0,1,0,1,2
MEB_HW_B,65,3,547,2881.0,1,1,1,3,1,1,1,3,1,1,1,3
MEB_HW_B,65,4,348,2772.0,1,1,1,3,0,0,0,0,1,1,1,3
MEB_HW_B,65,5,738,2366.0,1,1,1,3,1,1,1,3,1,1,1,3
MEB_HW_B,65,6,51,16863.0,1,1,1,3,0,0,0,0,1,1,1,3
MEB_HW_B,65,7,799,1825.0,1,1,1,3,1,1,1,3,1,1,1,3
MEB_HW_B,65,8,126,1401.0,1,1,1,3,0,0,0,0,1,1,1,3
MEB_HW_B,65,9,247,945.0,1,1,1,3,1,1,1,3,1,1,1,3
MEB_HW_B,65,10,337,909.0,1,1,1,3,1,1,1,3,1,1,1,3
MEB_HW_B,65,11,2143,803.0,1,1,1,3,1,1,1,3,1,1,1,3
MEB_HW_B,65,12,1740,766.0,1,1,1,3,1,1,1,3,1,1,1,3
MEB_HW_B,65,13,5391,684.0,1,1,1,3,1,1,1,3,1,1,1,3
MEB_HW_B,65,14,426,652.0,1,1,1,3,1,1,1,3,1,1,1,3
MEB_HW_B,66,0,145,5669.0,1,1,1,3,0,0,0,0,1,1,1,3
MEB_HW_B,66,1,280,5059.5,1,1,1,3,0,0,0,0,1,1,1,3
MEB_HW_B,66,2,395,9405.0,1,1,1,3,0,0,0,0,1,1,1,3
MEB_HW_B,66,3,3407,939.0,0,0,1,1,0,0,0,0,0,0,1,1
MEB_HW_B,66,4,61,2389.0,1,1,1,3,0,0,0,0,1,1,1,3
MEB_HW_B,66,5,74,2403.0,1,1,1,3,0,0,0,0,1,1,1,3
MEB_HW_B,66,6,54,2431.0,1,1,1,3,0,0,0,0,1,1,1,3
MEB_HW_B,66,7,92,1966.0,1,1,1,3,0,0,0,0,1,1,1,3
MEB_HW_B,66,8,1673,1627.0,1,1,1,3,1,1,1,3,1,1,1,3
MEB_HW_B,66,9,696,1583.0,1,1,1,3,1,1,1,3,1,1,1,3
MEB_HW_B,66,10,307,1234.0,1,1,1,3,1,1,1,3,1,1,1,3
MEB_HW_B,66,11,3649,1041.0,1,1,1,3,1,1,1,3,1,1,1,3
MEB_HW_B,66,12,4304,653.0,1,1,1,3,1,1,1,3,1,1,1,3
MEB_HW_B,67,0,150,4204.0,1,1,1,3,0,0,0,0,1,1,1,3
MEB_HW_B,67,1,331,7376.0,1,1,1,3,0,0,0,0,1,1,1,3
MEB_HW_B,67,2,709,9897.0,1,1,1,3,0,0,0,0,1,1,1,3
MEB_HW_B,67,3,64,2425.5,1,1,1,3,0,0,0,0,1,1,1,3
MEB_HW_B,67,4,113,2337.0,1,1,1,3,0,0,0,0,1,1,1,3
MEB_HW_B,67,5,40,2314.5,1,1,0,2,0,0,0,0,1,0,1,2
MEB_HW_B,67,6,89,1166.0,1,1,1,3,0,0,0,0,1,1,1,3
MEB_HW_B,67,7,2097,1489.0,1,1,1,3,1,1,1,3,1,1,1,3
MEB_HW_B,67,8,809,1468.0,1,1,1,3,1,1,0,2,1,1,1,3
MEB_HW_B,67,9,3144,901.0,1,1,1,3,1,0,1,2,1,1,1,3
MEB_HW_B,67,10,439,1067.0,1,1,1,3,0,0,0,0,1,1,1,3
MEB_HW_B,67,11,4740,907.0,1,1,1,3,1,1,1,3,1,1,1,3
MEB_HW_B,67,12,41,671.0,1,1,1,3,0,0,0,0,1,1,1,3
MEB_HW_B,68,0,68,3769.0,0,0,0,0,0,0,0,0,0,0,0,0
MEB_HW_B,68,1,246,2667.0,1,1,1,3,0,0,1,1,1,1,1,3
MEB_HW_B,68,2,202,2765.0,1,1,1,3,0,0,0,0,1,1,1,3
MEB_HW_B,68,3,370,2058.0,1,1,1,3,1,1,1,3,1,1,1,3
MEB_HW_B,68,4,41,1777.0,1,1,1,3,0,0,0,0,1,1,1,3
MEB_HW_B,68,5,1112,1616.0,1,1,1,3,1,1,1,3,1,1,1,3
MEB_HW_B,68,6,134,1570.0,1,1,1,3,0,0,0,0,1,1,1,3
MEB_HW_B,68,7,3476,1152.0,1,1,1,3,1,1,1,3,1,1,1,3
MEB_HW_B,68,8,1159,1148.0,1,1,1,3,0,1,1,2,1,1,1,3
MEB_HW_B,68,9,2034,788.0,1,1,1,3,1,1,1,3,1,1,1,3
MEB_HW_B,68,10,6853,600.0,1,1,1,3,1,1,1,3,1,1,1,3
MEB_HW_B,68,11,1387,683.0,1,1,1,3,1,1,1,3,1,1,1,3
MEB_HW_B,69,0,298,3092.5,1,1,1,3,0,1,0,1,1,1,1,3
MEB_HW_B,69,1,216,3806.5,1,1,1,3,0,0,0,0,1,1,1,3
MEB_HW_B,69,2,185,3480.0,1,1,1,3,0,0,0,0,1,1,1,3
MEB_HW_B,69,3,107,2383.0,1,1,1,3,0,0,0,0,1,1,1,3
MEB_HW_B,69,4,283,2282.0,1,1,1,3,0,0,1,1,1,1,1,3
MEB_HW_B,69,5,1974,1379.0,1,1,1,3,1,1,1,3,1,1,1,3
MEB_HW_B,69,6,32,3628.0,1,1,1,3,0,0,0,0,0,1,1,2
MEB_HW_B,69,7,347,2337.0,1,1,0,2,0,0,1,1,0,0,1,1
MEB_HW_B,69,8,988,1295.0,1,1,1,3,1,1,1,3,1,1,1,3
MEB_HW_B,69,9,7059,675.0,1,1,1,3,1,1,1,3,1,1,1,3
MEB_HW_B,69,10,330,1159.0,1,1,1,3,1,1,1,3,1,1,1,3
MEB_HW_B,69,11,208,1221.5,1,1,1,3,1,0,0,1,1,1,1,3
MEB_HW_B,69,12,641,1052.0,1,1,1,3,1,1,1,3,1,1,1,3
MEB_HW_B,69,13,188,1130.0,1,1,1,3,0,0,0,0,1,1,1,3
MEB_HW_B,69,14,216,1048.0,1,1,1,3,0,0,0,0,1,1,1,3
MEB_HW_B,69,15,643,849.0,1,1,1,3,1,0,0,1,1,1,1,3
MEB_HW_B,70,0,3875,1132.0,1,1,1,3,0,0,0,0,1,1,1,3
MEB_HW_B,70,1,1588,1220.0,1,1,1,3,1,1,1,3,1,1,1,3
MEB_HW_B,70,2,143,2424.0,1,0,0,1,0,0,0,0,1,1,0,2
MEB_HW_B,70,3,200,1938.0,0,0,0,0,0,0,0,0,1,1,0,2
MEB_HW_B,70,4,4751,525.0,1,0,1,2,1,1,1,3,0,1,0,1
MEB_HW_B,71,0,629,4308.0,1,1,1,3,0,0,1,1,1,1,1,3
MEB_HW_B,71,1,203,3275.0,1,1,1,3,1,1,1,3,1,1,1,3
MEB_HW_B,71,2,316,4465.5,1,1,1,3,1,1,1,3,1,1,1,3
MEB_HW_B,71,3,113,3242.0,1,1,1,3,1,1,1,3,1,1,1,3
MEB_HW_B,71,4,30,3712.0,1,1,1,3,1,0,1,2,1,1,1,3
MEB_HW_B,71,5,48,3713.0,1,1,1,3,0,0,0,0,1,1,1,3
MEB_HW_B,71,6,578,2387.5,1,1,1,3,1,1,1,3,1,1,1,3
MEB_HW_B,71,7,1140,1921.0,1,1,1,3,1,1,1,3,1,1,1,3
MEB_HW_B,71,8,98,2086.5,1,1,1,3,0,0,0,0,1,1,1,3
MEB_HW_B,71,9,2046,1414.0,1,1,1,3,1,1,1,3,1,1,1,3
MEB_HW_B,71,10,821,1410.0,1,1,1,3,0,0,0,0,1,1,1,3
MEB_HW_B,71,11,91,1251.0,1,1,1,3,0,0,0,0,1,1,1,3
MEB_HW_B,71,12,250,1186.0,1,1,1,3,1,1,1,3,1,1,1,3
MEB_HW_B,71,13,1930,1357.0,1,1,1,3,1,1,0,2,1,1,1,3
MEB_HW_B,71,14,4193,692.0,1,1,1,3,1,1,1,3,1,1,1,3
MEB_HW_B,72,0,518,4543.0,1,1,1,3,1,1,1,3,1,1,1,3
MEB_HW_B,72,1,303,3327.0,1,1,1,3,1,1,1,3,1,1,1,3
MEB_HW_B,72,2,169,5334.0,1,1,1,3,0,0,0,0,1,1,1,3
MEB_HW_B,72,3,78,2005.0,0,0,0,0,0,0,0,0,0,0,1,1
MEB_HW_B,72,4,39,3316.0,1,1,1,3,1,1,1,3,1,1,1,3
MEB_HW_B,72,5,33,4307.0,1,1,1,3,0,0,0,0,1,1,1,3
MEB_HW_B,72,6,613,2315.0,1,1,1,3,0,0,1,1,1,1,1,3
MEB_HW_B,72,7,1291,1789.0,1,1,1,3,1,1,1,3,1,1,1,3
MEB_HW_B,72,8,110,1846.0,1,1,1,3,0,0,0,0,1,1,1,3
MEB_HW_B,72,9,633,1322.0,1,1,1,3,0,0,0,0,1,1,1,3
MEB_HW_B,72,10,2517,1249.0,1,1,1,3,1,1,1,3,1,1,1,3
MEB_HW_B,72,11,239,1218.0,1,1,1,3,0,0,0,0,1,1,1,3
MEB_HW_B,72,12,102,1097.0,1,1,1,3,0,0,1,1,1,1,1,3
MEB_HW_B,72,13,2458,626.5,1,1,1,3,1,1,1,3,1,1,1,3
MEB_HW_B,72,14,398,993.0,1,1,1,3,1,1,1,3,1,1,1,3
MEB_HW_B,72,15,4153,1023.0,1,1,1,3,1,1,1,3,1,1,1,3
MEB_HW_B,73,0,435,2427.0,1,1,1,3,1,0,1,2,1,1,1,3
MEB_HW_B,73,1,275,3055.0,1,1,1,3,0,0,0,0,1,1,1,3
MEB_HW_B,73,2,24,3336.5,0,0,0,0,0,0,0,0,0,0,1,1
MEB_HW_B,73,3,71,2066.0,1,1,1,3,0,0,0,0,1,1,1,3
MEB_HW_B,73,4,530,3294.5,1,1,1,3,0,0,0,0,1,1,1,3
MEB_HW_B,73,5,93,1910.0,1,1,1,3,0,0,0,0,1,1,1,3
MEB_HW_B,73,6,664,1935.0,1,1,1,3,0,1,0,1,1,1,1,3
MEB_HW_B,73,7,66,2287.5,1,1,1,3,0,0,0,0,1,1,1,3
MEB_HW_B,73,8,95,1840.0,1,1,1,3,0,0,0,0,1,1,1,3
MEB_HW_B,73,9,86,2124.5,1,1,1,3,0,0,0,0,1,1,1,3
MEB_HW_B,73,10,199,3329.0,1,1,1,3,0,0,0,0,1,1,1,3
MEB_HW_B,73,11,1703,1617.0,1,1,1,3,1,1,1,3,1,1,1,3
MEB_HW_B,73,12,340,2745.5,1,1,1,3,0,0,0,0,1,1,1,3
MEB_HW_B,73,13,603,2615.0,1,1,1,3,0,0,0,0,1,1,1,3
MEB_HW_B,73,14,21,3948.0,1,0,1,2,0,0,0,0,1,1,0,2
MEB_HW_B,73,15,126,1873.5,1,1,1,3,0,0,0,0,1,1,1,3
MEB_HW_B,73,16,1299,823.0,1,1,1,3,1,1,1,3,1,1,1,3
MEB_HW_B,73,17,1514,1387.0,1,1,1,3,0,0,0,0,1,1,1,3
MEB_HW_B,73,18,168,1739.5,1,1,1,3,0,0,0,0,1,1,1,3
MEB_HW_B,73,19,377,793.0,1,1,1,3,1,1,1,3,1,1,1,3
MEB_HW_B,73,20,1212,790.0,1,1,1,3,1,1,1,3,1,1,1,3
MEB_HW_B,73,21,530,678.0,1,1,1,3,1,1,1,3,1,1,1,3
MEB_HW_B,73,22,473,711.0,1,1,1,3,1,1,1,3,1,1,1,3
MEB_HW_B,74,0,101,2253.0,1,1,1,3,0,0,0,0,1,1,1,3
MEB_HW_B,74,1,795,1738.0,1,1,1,3,0,0,0,0,1,1,1,3
MEB_HW_B,74,2,1165,2113.0,1,1,1,3,1,1,1,3,1,1,1,3
MEB_HW_B,74,3,116,1742.5,1,1,1,3,0,0,0,0,1,1,1,3
MEB_HW_B,74,4,1247,791.0,1,1,1,3,1,1,1,3,1,1,1,3
MEB_HW_B,74,5,1436,1136.0,1,1,1,3,1,1,1,3,1,1,1,3
MEB_HW_B,74,6,739,1883.0,1,1,1,3,1,1,1,3,1,1,1,3
MEB_HW_B,74,7,135,1653.0,1,1,1,3,1,1,1,3,1,1,1,3
MEB_HW_B,74,8,68,2120.5,1,1,1,3,0,0,0,0,1,1,1,3
MEB_HW_B,74,9,303,788.0,1,1,1,3,1,1,1,3,1,1,1,3
MEB_HW_B,74,10,2062,1408.0,1,1,1,3,1,1,1,3,1,1,1,3
MEB_HW_B,74,11,793,713.0,1,1,1,3,1,1,1,3,1,1,1,3
MEB_HW_B,74,12,217,582.0,1,1,1,3,1,1,1,3,1,1,1,3
MEB_HW_B,74,13,351,793.0,1,1,1,3,1,1,1,3,1,1,1,3
MEB_HW_B,74,14,1131,630.0,1,1,1,3,1,1,1,3,1,1,1,3
MEB_HW_B,74,15,2208,520.0,1,1,1,3,1,1,1,3,1,1,1,3
MEB_HW_B,74,16,2049,1099.0,1,1,1,3,1,0,1,2,1,1,1,3
MEB_HW_B,74,17,937,563.0,1,1,1,3,1,1,0,2,1,1,1,3
MEB_HW_B,74,18,1049,472.0,1,1,1,3,0,1,1,2,1,1,1,3
MEB_HW_B,74,19,905,425.0,1,1,1,3,0,0,1,1,1,1,1,3
MEB_HW_B,75,0,100,5555.0,0,1,1,2,0,0,0,0,0,1,1,2
MEB_HW_B,75,1,138,4656.0,1,1,1,3,0,0,0,0,1,1,1,3
MEB_HW_B,75,2,132,5487.5,1,1,1,3,0,0,0,0,1,1,1,3
MEB_HW_B,75,3,213,3918.0,1,1,1,3,1,1,1,3,1,1,1,3
MEB_HW_B,75,4,26,3829.5,1,1,1,3,0,1,1,2,1,1,1,3
MEB_HW_B,75,5,1098,932.0,1,0,0,1,0,0,0,0,0,0,0,0
MEB_HW_B,75,6,36,7147.0,1,1,1,3,0,0,0,0,1,1,1,3
MEB_HW_B,75,7,1827,1775.0,1,1,1,3,1,1,1,3,1,1,1,3
MEB_HW_B,75,8,456,2004.0,1,1,1,3,0,0,1,1,1,1,1,3
MEB_HW_B,75,9,151,1700.0,1,1,1,3,0,0,0,0,1,1,1,3
MEB_HW_B,75,10,2812,1172.0,1,1,1,3,1,1,1,3,1,1,1,3
MEB_HW_B,75,11,573,1340.0,1,1,1,3,1,0,0,1,1,1,1,3
MEB_HW_B,75,12,69,1243.0,1,1,1,3,0,0,0,0,1,1,1,3
MEB_HW_B,75,13,86,1232.0,1,1,1,3,0,0,0,0,1,1,1,3
MEB_HW_B,75,14,2482,624.0,1,1,1,3,1,0,1,2,1,1,1,3
MEB_HW_B,75,15,78,1084.5,1,1,1,3,0,0,0,0,1,1,1,3
MEB_HW_B,75,16,480,868.0,1,1,1,3,1,0,1,2,1,1,1,3
MEB_HW_B,76,0,108,5517.5,0,0,0,0,0,0,0,0,0,0,0,0
MEB_HW_B,76,1,158,4930.5,1,1,1,3,1,1,1,3,1,1,1,3
MEB_HW_B,76,2,128,4949.0,1,1,1,3,1,0,1,2,1,1,1,3
MEB_HW_B,76,3,234,3864.0,1,1,1,3,1,1,1,3,1,1,1,3
MEB_HW_B,76,4,26,3645.5,1,1,1,3,1,1,1,3,1,1,1,3
MEB_HW_B,76,5,44,5569.5,1,1,1,3,0,0,0,0,1,1,1,3
MEB_HW_B,76,6,1969,1646.0,1,1,1,3,1,1,1,3,1,1,1,3
MEB_HW_B,76,7,423,2223.0,1,1,1,3,0,0,0,0,1,1,1,3
MEB_HW_B,76,8,161,1571.0,1,1,1,3,0,0,0,0,1,1,1,3
MEB_HW_B,76,9,3405,1056.0,1,1,1,3,1,1,1,3,1,1,1,3
MEB_HW_B,76,10,578,1230.0,1,1,1,3,1,0,1,2,1,1,1,3
MEB_HW_B,76,11,500,934.0,1,1,1,3,1,0,1,2,1,1,1,3
MEB_HW_B,76,12,247,1111.0,1,1,1,3,0,0,0,0,1,1,1,3
MEB_HW_B,76,13,144,985.5,1,1,1,3,0,0,0,0,1,1,1,3
MEB_HW_B,76,14,683,749.0,1,1,1,3,1,1,1,3,1,1,1,3
MEB_HW_B,76,15,842,563.0,1,1,1,3,1,1,1,3,1,1,1,3
MEB_HW_B,77,0,132,5321.5,0,0,0,0,0,0,0,0,0,0,0,0
MEB_HW_B,77,1,171,4904.0,1,1,1,3,1,0,1,2,1,1,1,3
MEB_HW_B,77,2,134,5566.0,1,1,1,3,0,0,0,0,1,1,1,3
MEB_HW_B,77,3,289,3696.0,1,1,1,3,1,1,1,3,1,1,1,3
MEB_HW_B,77,4,42,3590.0,1,1,1,3,1,1,1,3,0,1,1,2
MEB_HW_B,77,5,63,5709.0,1,1,1,3,0,0,0,0,1,1,1,3
MEB_HW_B,77,6,2332,1510.0,1,1,1,3,1,1,1,3,1,1,1,3
MEB_HW_B,77,7,544,2163.5,1,1,1,3,0,0,0,0,1,1,1,3
MEB_HW_B,77,8,199,1429.0,1,1,1,3,0,0,0,0,1,1,1,3
MEB_HW_B,77,9,4335,936.0,1,1,1,3,1,1,1,3,1,1,1,3
MEB_HW_B,77,10,176,1044.5,1,1,1,3,1,0,1,2,1,1,1,3
MEB_HW_B,77,11,512,1102.0,1,1,1,3,1,0,0,1,1,1,1,3
MEB_HW_B,77,12,295,1034.0,1,1,1,3,0,0,0,0,1,1,1,3
MEB_HW_B,77,13,209,866.0,1,1,1,3,0,0,0,0,1,1,1,3
MEB_HW_B,77,14,1036,621.0,1,1,1,3,1,1,1,3,1,1,1,3
MEB_HW_B,78,0,143,4857.0,0,0,0,0,0,0,0,0,0,0,0,0
MEB_HW_B,78,1,34,4592.0,1,1,1,3,0,0,0,0,1,1,1,3
MEB_HW_B,78,2,275,3783.0,1,1,1,3,0,0,1,1,1,1,1,3
MEB_HW_B,78,3,341,2515.0,1,1,1,3,0,0,0,0,1,1,1,3
MEB_HW_B,78,4,536,2188.5,1,1,1,3,1,1,1,3,1,1,1,3
MEB_HW_B,78,5,61,2101.0,1,1,1,3,0,0,0,0,1,1,1,3
MEB_HW_B,78,6,81,1627.0,1,1,1,3,1,1,1,3,1,1,1,3
MEB_HW_B,78,7,50,1017.5,1,1,1,3,0,0,0,0,1,1,1,3
MEB_HW_B,78,8,2810,1036.0,1,1,1,3,1,1,1,3,1,1,1,3
MEB_HW_B,78,9,17346,460.0,1,1,1,3,1,1,1,3,1,1,1,3
MEB_HW_B,79,0,509,3026.0,1,1,1,3,1,0,1,2,1,1,1,3
MEB_HW_B,79,1,193,4493.0,0,0,0,0,0,0,0,0,0,0,0,0
MEB_HW_B,79,2,576,2985.0,1,1,1,3,1,1,1,3,1,1,1,3
MEB_HW_B,79,3,36,4350.5,1,1,1,3,0,0,0,0,1,1,1,3
MEB_HW_B,79,4,323,3327.0,1,1,1,3,0,0,1,1,1,1,1,3
MEB_HW_B,79,5,982,1989.0,1,1,1,3,0,0,0,0,1,1,1,3
MEB_HW_B,79,6,789,1736.0,1,1,1,3,1,0,0,1,1,1,1,3
MEB_HW_B,79,7,111,1646.0,1,1,1,3,0,0,0,0,1,1,1,3
MEB_HW_B,79,8,176,1158.0,1,1,1,3,1,1,0,2,1,1,1,3
MEB_HW_B,79,9,9271,641.0,1,1,1,3,1,1,1,3,1,1,1,3
MEB_HW_B,80,0,1585,2759.0,1,1,1,3,1,1,1,3,1,1,1,3
MEB_HW_B,80,1,730,2487.5,1,1,1,3,1,1,1,3,1,1,1,3
MEB_HW_B,80,2,36,3260.5,1,1,1,3,1,0,1,2,1,1,1,3
MEB_HW_B,80,3,468,2425.5,1,1,1,3,0,0,1,1,1,1,1,3
MEB_HW_B,80,4,2665,1314.0,1,1,1,3,1,1,1,3,1,1,1,3
MEB_HW_B,80,5,176,1479.0,1,1,1,3,0,0,0,0,1,1,1,3
MEB_HW_B,80,6,1294,1148.0,1,1,1,3,1,1,1,3,1,1,1,3
MEB_HW_B,80,7,172,1023.0,1,1,1,3,1,0,1,2,1,1,1,3
MEB_HW_B,80,8,211,1037.0,1,1,1,3,1,1,1,3,1,1,1,3
MEB_HW_B,80,9,682,569.5,1,1,1,3,0,1,1,2,1,1,1,3
MEB_HW_B,81,0,55,3268.0,1,1,1,3,0,0,0,0,1,1,1,3
MEB_HW_B,81,1,605,2448.0,1,1,1,3,1,1,1,3,1,1,1,3
MEB_HW_B,81,2,1654,2515.0,1,1,1,3,1,1,1,3,1,1,1,3
MEB_HW_B,81,3,578,1454.5,1,1,1,3,0,1,0,1,1,1,1,3
MEB_HW_B,81,4,764,2245.0,1,1,1,3,1,1,1,3,1,1,1,3
MEB_HW_B,81,5,52,2918.5,1,1,1,3,1,1,1,3,1,1,1,3
MEB_HW_B,81,6,52,2889.5,1,1,1,3,1,0,1,2,1,1,1,3
MEB_HW_B,81,7,502,2141.0,1,1,1,3,1,0,1,2,1,1,1,3
MEB_HW_B,81,8,65,2424.0,1,1,1,3,1,0,0,1,1,1,1,3
MEB_HW_B,81,9,3949,1156.0,1,1,1,3,1,1,1,3,1,1,1,3
MEB_HW_B,81,10,228,1304.0,1,1,1,3,1,0,1,2,1,1,1,3
MEB_HW_B,81,11,115,1163.0,1,1,1,3,0,0,0,0,1,1,1,3
MEB_HW_B,81,12,1030,959.0,1,1,1,3,1,1,1,3,1,1,1,3
MEB_HW_B,81,13,597,1000.0,1,1,1,3,0,0,0,0,1,1,1,3
MEB_HW_B,81,14,273,860.0,1,1,1,3,1,1,1,3,1,1,1,3
MEB_HW_B,81,15,309,868.0,1,1,1,3,1,1,1,3,1,1,1,3
MEB_HW_B,82,0,55,2723.0,0,0,0,0,0,0,0,0,1,0,1,2
MEB_HW_B,82,1,60,2696.5,1,1,1,3,0,0,0,0,1,1,1,3
MEB_HW_B,82,2,449,2184.0,1,1,1,3,1,1,1,3,1,1,1,3
MEB_HW_B,82,3,1052,1544.0,1,1,1,3,0,0,0,0,1,1,1,3
MEB_HW_B,82,4,1745,1123.0,1,1,1,3,1,1,1,3,1,1,1,3
MEB_HW_B,82,5,5525,786.0,1,1,1,3,1,1,1,3,1,1,1,3
MEB_HW_B,82,6,1366,657.0,1,1,1,3,1,1,1,3,1,1,1,3
MEB_HW_B,82,7,1153,637.0,1,1,1,3,1,1,1,3,1,1,1,3
MEB_HW_B,82,8,748,621.0,1,1,1,3,1,1,1,3,1,1,1,3
MEB_HW_B,82,9,1345,540.0,1,1,1,3,1,1,1,3,1,1,1,3
MEB_HW_B,82,10,2006,523.0,1,1,1,3,1,1,1,3,1,1,1,3
MEB_HW_B,82,11,1921,449.0,1,1,1,3,1,1,1,3,1,1,1,3
MEB_HW_B,82,12,1000,464.0,1,1,1,3,1,1,1,3,1,1,1,3
MEB_HW_B,82,13,94,430.5,1,1,1,3,1,1,1,3,1,1,1,3
MEB_HW_B,83,0,126,2347.5,1,1,1,3,0,0,0,0,1,1,1,3
MEB_HW_B,83,1,133,2343.0,1,1,1,3,0,0,0,0,1,1,1,3
MEB_HW_B,83,2,84,1710.0,1,1,1,3,0,0,0,0,1,1,1,3
MEB_HW_B,83,3,1183,1358.0,1,1,1,3,1,1,1,3,1,1,1,3
MEB_HW_B,83,4,244,1399.0,1,1,1,3,1,1,1,3,1,1,1,3
MEB_HW_B,83,5,228,1129.0,1,1,1,3,1,1,0,2,1,1,1,3
MEB_HW_B,83,6,237,1370.0,1,1,1,3,1,1,1,3,1,1,1,3
MEB_HW_B,83,7,1475,856.0,1,1,1,3,1,1,1,3,1,1,1,3
MEB_HW_B,83,8,2019,983.0,1,1,1,3,1,1,1,3,1,1,1,3
MEB_HW_B,83,9,331,896.0,1,1,1,3,0,0,0,0,1,1,1,3
MEB_HW_B,84,0,184,1956.5,1,1,1,3,0,0,0,0,1,1,1,3
MEB_HW_B,84,1,179,1889.0,1,1,1,3,0,0,0,0,1,1,1,3
MEB_HW_B,84,2,130,1224.0,1,1,1,3,0,0,0,0,1,1,1,3
MEB_HW_B,84,3,672,1065.5,1,1,1,3,1,1,1,3,1,1,1,3
MEB_HW_B,84,4,475,968.0,1,1,1,3,1,1,1,3,1,1,1,3
MEB_HW_B,84,5,1384,890.0,1,1,1,3,1,1,1,3,1,1,1,3
MEB_HW_B,84,6,1313,851.0,1,1,1,3,1,1,1,3,1,1,1,3
MEB_HW_B,84,7,977,522.0,1,1,1,3,1,1,1,3,1,1,1,3
MEB_HW_B,84,8,472,500.0,1,1,1,3,0,0,0,0,1,1,1,3
MEB_HW_B,84,9,165,471.0,1,1,1,3,1,1,1,3,1,1,1,3
MEB_HW_B,85,0,254,1667.0,1,1,1,3,0,0,0,0,1,1,1,3
MEB_HW_B,85,1,308,1517.5,1,1,1,3,1,1,1,3,1,1,1,3
MEB_HW_B,85,2,259,909.0,1,1,1,3,1,1,1,3,1,1,1,3
MEB_HW_B,85,3,1483,768.0,1,1,1,3,1,1,1,3,1,1,1,3
MEB_HW_B,85,4,1083,686.0,1,1,1,3,1,1,1,3,1,1,1,3
MEB_HW_B,85,5,635,664.0,1,1,1,3,1,1,1,3,1,1,1,3
MEB_HW_B,85,6,1810,599.0,1,1,1,3,1,1,1,3,1,1,1,3
MEB_HW_B,85,7,456,659.0,1,1,1,3,1,1,1,3,1,1,1,3
MEB_HW_B,85,8,950,572.0,1,1,1,3,1,1,1,3,1,1,1,3
MEB_HW_B,85,9,1008,554.0,1,1,1,3,1,1,1,3,1,1,1,3
MEB_HW_B,85,10,1906,533.0,1,1,1,3,1,1,1,3,1,1,1,3
MEB_HW_B,86,0,1214,901.0,1,1,1,3,1,1,1,3,1,1,1,3
MEB_HW_B,86,1,2092,772.0,1,1,1,3,1,0,1,2,1,1,1,3
MEB_HW_B,87,0,4365,590.0,1,1,1,3,0,0,0,0,1,1,1,3
MEB_HW_B,87,1,4283,534.0,1,1,1,3,1,1,1,3,1,1,1,3
MEB_HW_B,88,0,4151,587.0,1,1,1,3,0,0,1,1,1,1,1,3
MEB_HW_B,88,1,4125,528.0,1,1,1,3,1,1,1,3,1,1,1,3
MEB_HW_B,89,0,4219,583.0,1,1,1,3,1,1,1,3,1,1,1,3
MEB_HW_B,89,1,123,466.0,1,1,1,3,0,0,0,0,1,1,1,3
MEB_HW_B,90,0,4326,573.0,1,1,1,3,0,0,0,0,1,1,1,3
MEB_HW_B,91,0,104,1145.5,1,1,1,3,0,0,0,0,0,0,0,0
MEB_HW_B,91,1,5329,531.0,1,1,1,3,0,0,0,0,1,1,1,3
MEB_HW_B,92,0,89,1167.0,1,1,1,3,0,0,0,0,0,1,0,1
MEB_HW_B,92,1,4491,498.0,1,1,1,3,0,0,0,0,1,1,1,3
MEB_HW_B,93,0,197,1165.0,1,1,1,3,0,0,0,0,1,1,1,3
MEB_HW_B,93,1,242,1205.5,1,1,1,3,0,0,0,0,1,1,1,3
MEB_HW_B,93,2,112,1041.5,0,0,0,0,0,0,0,0,0,0,0,0
MEB_HW_B,93,3,2679,883.0,1,1,1,3,1,1,1,3,1,1,1,3
MEB_HW_B,93,4,2927,434.0,1,1,1,3,1,1,1,3,1,1,1,3
MEB_HW_B,93,5,741,443.0,1,1,1,3,1,1,1,3,1,1,1,3
MEB_HW_B,94,0,577,3039.0,1,1,1,3,1,1,1,3,1,1,1,3
MEB_HW_B,94,1,269,2977.0,1,1,1,3,0,0,1,1,1,1,1,3
MEB_HW_B,94,2,628,2929.0,1,1,1,3,0,1,1,2,1,1,1,3
MEB_HW_B,94,3,215,4319.0,1,1,1,3,0,0,0,0,1,1,1,3
MEB_HW_B,94,4,60,2514.0,1,1,1,3,1,0,0,1,1,1,1,3
MEB_HW_B,94,5,366,2290.0,1,1,1,3,1,1,1,3,1,1,1,3
MEB_HW_B,94,6,459,2070.0,1,1,1,3,0,1,1,2,1,1,1,3
MEB_HW_B,94,7,58,1980.0,1,1,1,3,0,0,0,0,1,1,1,3
MEB_HW_B,94,8,73,1805.0,1,1,1,3,0,0,0,0,1,1,1,3
MEB_HW_B,94,9,309,1692.0,1,1,1,3,1,1,1,3,1,1,1,3
MEB_HW_B,94,10,775,1575.0,1,1,1,3,1,1,1,3,1,1,1,3
MEB_HW_B,94,11,99,1763.0,1,1,1,3,0,0,0,0,1,1,1,3
MEB_HW_B,94,12,421,1700.0,1,1,1,3,0,0,0,0,1,1,1,3
MEB_HW_B,94,13,554,1766.0,1,1,1,3,0,0,0,0,1,1,1,3
MEB_HW_B,94,14,89,1604.0,1,1,1,3,0,0,0,0,1,1,1,3
MEB_HW_B,94,15,139,1461.0,1,1,1,3,0,0,0,0,1,1,1,3
MEB_HW_B,94,16,3149,1083.0,1,1,1,3,1,1,1,3,1,1,1,3
MEB_HW_B,95,0,1666,1827.0,1,1,1,3,1,0,1,2,1,1,1,3
MEB_HW_B,95,1,80,1939.0,1,1,1,3,0,0,0,0,1,1,1,3
MEB_HW_B,95,2,2783,684.0,1,1,1,3,0,0,0,0,1,1,1,3
MEB_HW_B,95,3,1051,1470.0,1,1,1,3,1,1,1,3,1,1,1,3
MEB_HW_B,95,4,1291,1349.0,1,1,1,3,0,0,0,0,1,1,1,3
MEB_HW_B,95,5,85,1548.0,1,1,1,3,0,0,0,0,1,1,1,3
MEB_HW_B,95,6,163,1416.0,1,1,1,3,1,1,1,3,1,1,1,3
MEB_HW_B,95,7,4984,739.0,1,1,1,3,1,1,1,3,1,1,1,3
MEB_HW_B,95,8,446,502.0,1,1,1,3,1,1,1,3,1,1,1,3
MEB_HW_B,96,0,23,5318.0,1,1,1,3,0,0,0,0,1,1,1,3
MEB_HW_B,96,1,342,1414.0,1,1,1,3,0,0,0,0,1,1,1,3
MEB_HW_B,96,2,134,1385.5,1,1,1,3,1,1,1,3,1,1,1,3
MEB_HW_B,96,3,6029,1074.0,1,1,1,3,0,1,0,1,1,1,1,3
MEB_HW_B,96,4,176,1061.5,1,1,1,3,1,1,1,3,1,1,1,3
MEB_HW_B,96,5,232,976.0,1,1,1,3,0,0,0,0,1,1,1,3
MEB_HW_B,96,6,1818,826.0,1,1,1,3,1,1,1,3,1,1,1,3
MEB_HW_B,96,7,861,911.0,1,1,1,3,1,1,1,3,1,1,1,3
MEB_HW_B,96,8,639,761.0,1,1,1,3,1,1,1,3,1,1,1,3
MEB_HW_B,96,9,490,760.5,1,1,1,3,1,0,1,2,1,1,1,3
MEB_HW_B,97,0,219,2136.0,1,1,1,3,0,0,0,0,1,1,1,3
MEB_HW_B,97,1,281,2930.0,1,1,1,3,1,0,0,1,1,1,1,3
MEB_HW_B,97,2,222,16349.5,1,1,1,3,0,0,0,0,1,1,1,3
MEB_HW_B,97,3,165,2853.0,1,1,1,3,0,0,0,0,1,1,1,3
MEB_HW_B,97,4,1366,1858.0,1,1,1,3,1,1,1,3,1,1,1,3
MEB_HW_B,97,5,1810,1228.0,1,1,1,3,1,1,1,3,1,1,1,3
MEB_HW_B,97,6,1769,1396.0,1,1,1,3,1,1,1,3,1,1,1,3
MEB_HW_B,97,7,117,3263.0,1,1,1,3,0,0,0,0,1,1,1,3
MEB_HW_B,97,8,2948,951.0,1,1,1,3,1,1,1,3,1,1,1,3
MEB_HW_B,97,9,729,618.0,1,1,1,3,1,1,1,3,1,1,1,3
MEB_HW_B,98,0,315,2667.0,1,1,1,3,1,1,1,3,1,1,1,3
MEB_HW_B,98,1,308,11211.5,1,1,1,3,0,0,0,0,1,1,1,3
MEB_HW_B,98,2,219,2693.0,1,1,1,3,0,0,0,0,1,1,1,3
MEB_HW_B,98,3,169,4423.0,1,1,1,3,0,0,0,0,1,1,1,3
MEB_HW_B,98,4,1770,1618.0,1,1,1,3,1,1,1,3,1,1,1,3
MEB_HW_B,98,5,890,1421.0,1,1,1,3,1,1,1,3,1,1,1,3
MEB_HW_B,98,6,1924,984.0,1,1,1,3,1,1,1,3,1,1,1,3
MEB_HW_B,98,7,199,1445.0,1,1,1,3,0,0,0,0,1,1,1,3
MEB_HW_B,98,8,2912,1101.0,1,1,1,3,1,1,1,3,1,1,1,3
MEB_HW_B,98,9,6914,634.5,1,1,1,3,0,1,1,2,1,1,1,3
MEB_HW_B,99,0,176,3770.5,0,0,1,1,1,0,0,1,0,1,1,2
MEB_HW_B,99,1,5094,720.0,1,1,1,3,0,1,1,2,1,1,0,2
MEB_HW_B,99,2,72,3143.5,1,1,1,3,0,0,0,0,1,1,1,3
MEB_HW_B,99,3,971,1948.0,1,1,1,3,1,1,1,3,1,1,1,3
MEB_HW_B,99,4,1410,1226.0,1,1,1,3,1,1,1,3,1,1,1,3
MEB_HW_B,99,5,230,1340.0,1,1,1,3,0,0,0,0,1,1,1,3
MEB_HW_B,99,6,138,1316.0,1,1,1,3,0,0,0,0,1,1,1,3
MEB_HW_B,99,7,147,1262.0,1,1,1,3,0,0,0,0,1,1,1,3
MEB_HW_B,99,8,161,1184.0,1,1,1,3,0,0,0,0,1,1,1,3
MEB_HW_B,99,9,1909,868.0,1,1,1,3,1,1,1,3,1,1,1,3
MEB_HW_B,99,10,1840,622.0,1,1,1,3,1,1,1,3,1,1,1,3
